1;2024-02;HOGWARTS;PH110086;75;S;DIURNO;31;0;11:15;12:35;MIÉRCOLES;2024-01-08;2024-12-31;Lab1;HOGWARTS - ;S;100;NO
2;2024-02;HOGWARTS;PH110086;50;S;DIURNO;26;0;15:45;17:05;JUEVES;2024-01-08;2024-12-31;22;HOGWARTS - TORRE  II;S;100;NO
3;2024-02;HOGWARTS;PH110086;30;S;DIURNO;13;0;09:45;11:05;MIÉRCOLES;2024-01-08;2024-12-31; 305 (H);HOGWARTS - TORRE  I;S;100;NO
4;2024-02;HOGWARTS;PH110086;35;S;DIURNO;10;0;11:15;12:35;JUEVES;2024-01-08;2024-12-31;44;HOGWARTS - TORRE  II;S;100;NO
5;2024-02;HOGWARTS;PH110086;45;S;DIURNO;9;0;14:15;15:35;MARTES;2024-01-08;2024-12-31;56;HOGWARTS - TORRE  II;S;100;NO
6;2024-02;HOGWARTS;PH110086;10;S;DIURNO;46;0;12:45;14:05;MARTES;2024-01-08;2024-12-31;315;HOGWARTS - TORRE B;S;100;NO
7;2024-02;BEAUXBATON;GH13458;230;S;DIURNO;57;57;09:45;11:05;JUEVES;2024-01-08;2024-12-30;102 (H);BEAUXBATON - EDIFICIO A;S;4010;NO
8;2024-02;BEAUXBATON;GH13458;230;S;DIURNO;57;57;11:15;12:35;JUEVES;2024-01-08;2024-12-30;102 (H);BEAUXBATON - EDIFICIO A;S;4010;NO
9;2024-02;BEAUXBATON;GH13458;230;S;DIURNO;57;57;12:45;14:05;JUEVES;2024-01-08;2024-12-30;102 (H);BEAUXBATON - EDIFICIO A;S;4010;NO
10;2024-02;BEAUXBATON;GH24441;210;S;DIURNO;30;23;15:45;17:05;LUNES;2024-01-08;2024-12-30;401 (H);BEAUXBATON - EDIFICIO B;S;4010;NO
11;2024-02;BEAUXBATON;GH24441;210;S;DIURNO;30;23;17:15;18:35;LUNES;2024-01-08;2024-12-30;401 (H);BEAUXBATON - EDIFICIO B;S;4010;NO
12;2024-02;HOGWARTS;WH236002;20;S;DIURNO;35;32;09:45;11:05;MARTES;2024-01-08;2024-12-30;AULA B (H);HOGWARTS - ;S;6012;NO
13;2024-02;HOGWARTS;WH236002;20;S;DIURNO;35;32;11:15;12:35;MARTES;2024-01-08;2024-12-30;AULA B (H);HOGWARTS - ;S;6012;NO
14;2024-02;HOGWARTS;GH13458;40;S;VESPERTINO;35;32;18:50;20:10;JUEVES;2024-01-08;2024-12-30;311;HOGWARTS - TORRE B;S;6666666;SI
15;2024-02;HOGWARTS;GH13458;40;S;VESPERTINO;35;32;20:15;21:35;JUEVES;2024-01-08;2024-12-30;311;HOGWARTS - TORRE B;S;6666666;SI
16;2024-02;HOGWARTS;GH13458;40;S;VESPERTINO;35;32;21:40;23:00;JUEVES;2024-01-08;2024-12-30;311;HOGWARTS - TORRE B;S;6666666;SI
17;2024-02;HOGWARTS;GH23495;70;S;VESPERTINO;15;10;18:50;20:10;MARTES;2024-01-08;2024-12-30;207;AZKABAN;S;6666666;SI
18;2024-02;HOGWARTS;GH23495;70;S;VESPERTINO;15;10;20:15;21:35;MARTES;2024-01-08;2024-12-30;207;HOGWARTS - TORRE B;S;6666666;SI
19;2024-02;HOGWARTS;GH23495;70;S;VESPERTINO;15;10;21:40;23:00;MARTES;2024-01-08;2024-12-30;207;HOGWARTS - TORRE B;S;6666666;SI
20;2024-02;BEAUXBATON;WH236009;210;S;DIURNO;32;26;15:45;17:05;LUNES;2024-01-08;2024-12-30;206;BEAUXBATON - EDIFICIO A;S;11262739;SI
21;2024-02;BEAUXBATON;WH236009;210;S;DIURNO;32;26;17:15;18:35;LUNES;2024-01-08;2024-12-30;206;BEAUXBATON - EDIFICIO A;S;11262739;SI
22;2024-02;HOGWARTS;GH13479;10;S;DIURNO;50;30;08:15;09:35;MARTES;2024-01-08;2024-12-30;308 (H);HOGWARTS - ;S;12317173;SI
23;2024-02;HOGWARTS;GH13479;10;S;DIURNO;50;30;09:45;11:05;MARTES;2024-01-08;2024-12-30;308 (H);HOGWARTS - ;S;12317173;SI
24;2024-02;HOGWARTS;GH13479;10;S;DIURNO;50;30;11:15;12:35;MARTES;2024-01-08;2024-12-30;308 (H);HOGWARTS - ;S;12317173;SI
25;2024-02;HOGWARTS;GH13467;30;S;VESPERTINO;40;33;18:50;20:10;MARTES;2024-01-08;2024-12-30;212;HOGWARTS - TORRE B;S;14003526;SI
26;2024-02;HOGWARTS;GH13467;30;S;VESPERTINO;40;33;20:15;21:35;MARTES;2024-01-08;2024-12-30;212;HOGWARTS - TORRE B;S;14003526;SI
27;2024-02;HOGWARTS;GH13467;30;S;VESPERTINO;40;33;21:40;23:00;MARTES;2024-01-08;2024-12-30;212;HOGWARTS - TORRE B;S;14003526;SI
28;2024-02;HOGWARTS;GH13467;20;S;DIURNO;70;70;08:15;09:35;JUEVES;2024-01-08;2024-12-30;AULA D (H);HOGWARTS - ;S;14003526;SI
29;2024-02;HOGWARTS;GH13467;20;S;DIURNO;70;70;09:45;11:05;JUEVES;2024-01-08;2024-12-30;AULA D (H);HOGWARTS - ;S;14003526;SI
30;2024-02;HOGWARTS;GH13467;20;S;DIURNO;70;70;11:15;12:35;JUEVES;2024-01-08;2024-12-30;AULA D (H);HOGWARTS - ;S;14003526;SI
31;2024-02;BEAUXBATON;WH236023;210;S;DIURNO;15;13;08:15;09:35;MIÉRCOLES;2024-01-08;2024-12-30;406;BEAUXBATON - EDIFICIO B;S;14436822;SI
32;2024-02;BEAUXBATON;WH236023;210;S;DIURNO;15;13;09:45;11:05;MIÉRCOLES;2024-01-08;2024-12-30;406;BEAUXBATON - EDIFICIO B;S;14436822;SI
33;2024-02;HOGWARTS;WH23639;100;S;VESPERTINO;3;2;18:50;20:10;MARTES;2024-01-08;2024-12-31;4 (EX 113) SALA REUNION PÁRCEL;HOGWARTS - TORRE D;S;15137023;SI
34;2024-02;HOGWARTS;GH13459;10;S;DIURNO;75;75;08:15;09:35;LUNES;2024-01-08;2024-12-30;AULA C (H);HOGWARTS - ;S;17663505;SI
35;2024-02;HOGWARTS;GH13459;10;S;DIURNO;75;75;09:45;11:05;LUNES;2024-01-08;2024-12-30;AULA C (H);HOGWARTS - ;S;17663505;SI
36;2024-02;HOGWARTS;GH13459;10;S;DIURNO;75;75;11:15;12:35;LUNES;2024-01-08;2024-12-30;AULA C (H);HOGWARTS - ;S;17663505;SI
37;2024-02;BEAUXBATON;GH23495;220;S;DIURNO;33;14;14:15;15:35;VIERNES;2024-01-08;2024-12-30;207;BEAUXBATON - EDIFICIO A;S;17932239;SI
38;2024-02;BEAUXBATON;GH23495;220;S;DIURNO;33;14;15:45;17:05;VIERNES;2024-01-08;2024-12-30;207;BEAUXBATON - EDIFICIO A;S;17932239;SI
39;2024-02;BEAUXBATON;GH23495;220;S;DIURNO;33;14;17:15;18:35;VIERNES;2024-01-08;2024-12-30;207;BEAUXBATON - EDIFICIO A;S;17932239;SI
40;2024-02;BEAUXBATON;HP14091;210;S;DIURNO;43;41;15:45;17:05;MIÉRCOLES;2024-01-08;2024-12-31;509;BEAUXBATON - EDIFICIO B;S;17932239;SI
41;2024-02;BEAUXBATON;HP14091;210;S;DIURNO;43;41;17:15;18:35;MIÉRCOLES;2024-01-08;2024-12-31;509;BEAUXBATON - EDIFICIO B;S;17932239;SI
42;2024-02;BEAUXBATON;WH233410;260;S;DIURNO;40;28;11:15;12:35;MARTES;2024-01-08;2024-12-31;310;BEAUXBATON - EDIFICIO B;S;18130777;SI
43;2024-02;BEAUXBATON;WH233410;260;S;DIURNO;40;28;12:45;14:05;MARTES;2024-01-08;2024-12-31;310;BEAUXBATON - EDIFICIO B;S;18130777;SI
44;2024-02;BEAUXBATON;GH13467;210;S;DIURNO;55;55;08:15;09:35;LUNES;2024-01-08;2024-12-30;207;BEAUXBATON - EDIFICIO A;S;19277242;SI
45;2024-02;BEAUXBATON;GH13467;210;S;DIURNO;55;55;09:45;11:05;LUNES;2024-01-08;2024-12-30;207;BEAUXBATON - EDIFICIO A;S;19277242;SI
46;2024-02;BEAUXBATON;GH13467;210;S;DIURNO;55;55;11:15;12:35;LUNES;2024-01-08;2024-12-30;207;BEAUXBATON - EDIFICIO A;S;19277242;SI
47;2024-02;BEAUXBATON;GH13479;210;S;DIURNO;50;47;08:15;09:35;JUEVES;2024-01-08;2024-12-30;207;BEAUXBATON - EDIFICIO A;S;19277242;SI
48;2024-02;BEAUXBATON;GH13479;210;S;DIURNO;50;47;09:45;11:05;JUEVES;2024-01-08;2024-12-30;207;BEAUXBATON - EDIFICIO A;S;19277242;SI
49;2024-02;BEAUXBATON;GH13479;210;S;DIURNO;50;47;11:15;12:35;JUEVES;2024-01-08;2024-12-30;207;BEAUXBATON - EDIFICIO A;S;19277242;SI
50;2024-02;HOGWARTS;WH236009;10;S;DIURNO;30;13;14:15;15:35;VIERNES;2024-01-08;2024-12-30;312;HOGWARTS - TORRE B;S;20117761;SI
51;2024-02;HOGWARTS;WH236009;10;S;DIURNO;30;13;15:45;17:05;VIERNES;2024-01-08;2024-12-30;312;HOGWARTS - TORRE B;S;20117761;SI
52;2024-02;HOGWARTS;GH13461;20;S;VESPERTINO;40;12;18:50;20:10;MARTES;2024-01-08;2024-12-30;213;HOGWARTS - TORRE B;S;23715659;SI
53;2024-02;HOGWARTS;GH13461;20;S;VESPERTINO;40;12;20:15;21:35;MARTES;2024-01-08;2024-12-30;213;HOGWARTS - TORRE B;S;23715659;SI
54;2024-02;HOGWARTS;GH13461;20;S;VESPERTINO;40;12;21:40;23:00;MARTES;2024-01-08;2024-12-30;213;HOGWARTS - TORRE B;S;23715659;SI
55;2024-02;HOGWARTS;GH13461;10;S;DIURNO;70;64;08:15;09:35;MIÉRCOLES;2024-01-08;2024-12-30;AULA A (H);HOGWARTS - ;S;23715659;SI
56;2024-02;HOGWARTS;GH13461;10;S;DIURNO;70;64;09:45;11:05;MIÉRCOLES;2024-01-08;2024-12-30;AULA A (H);HOGWARTS - ;S;23715659;SI
57;2024-02;HOGWARTS;GH13461;10;S;DIURNO;70;64;11:15;12:35;MIÉRCOLES;2024-01-08;2024-12-30;AULA A (H);HOGWARTS - ;S;23715659;SI
58;2024-02;HOGWARTS;WH236003;50;S;DIURNO;30;17;14:15;15:35;MARTES;2024-01-08;2024-12-30;306;HOGWARTS - TORRE D;S;26287315;SI
59;2024-02;HOGWARTS;WH236003;50;S;DIURNO;30;17;15:45;17:05;MARTES;2024-01-08;2024-12-30;306;HOGWARTS - TORRE D;S;26287315;SI
60;2024-02;HOGWARTS;HW13977;10;S;DIURNO;42;39;11:15;12:35;VIERNES;2024-01-08;2024-12-30;9 (H);HOGWARTS - TORRE B;S;26800262;SI
61;2024-02;HOGWARTS;HW13977;10;S;DIURNO;42;39;12:45;14:05;VIERNES;2024-01-08;2024-12-30;9 (H);HOGWARTS - TORRE B;S;26800262;SI
62;2024-02;HOGWARTS;HP25151;20;S;DIURNO;45;45;15:45;17:05;JUEVES;2024-01-08;2024-12-30;213;HOGWARTS - TORRE B;S;29097218;SI
63;2024-02;HOGWARTS;HP25151;30;S;VESPERTINO;43;31;11:15;12:35;SáBADO;2024-01-08;2024-12-30;204;HOGWARTS - TORRE B;S;29097218;SI
64;2024-02;HOGWARTS;HP25151;50;S;DIURNO;44;44;14:15;15:35;MARTES;2024-01-08;2024-12-31;312;HOGWARTS - TORRE B;S;29097218;SI
65;2024-02;HOGWARTS;HP25151;10;S;DIURNO;43;43;14:15;15:35;LUNES;2024-01-08;2024-12-30;313;HOGWARTS - TORRE B;S;29097218;SI
66;2024-02;HOGWARTS;HP25151;40;S;DIURNO;35;35;14:15;15:35;VIERNES;2024-08-07;2024-12-31;414;HOGWARTS - TORRE B;S;29097218;SI
67;2024-02;HOGWARTS;WH23639;20;S;DIURNO;40;34;09:45;11:05;VIERNES;2024-01-08;2024-12-31;204;HOGWARTS - TORRE D;S;30762778;SI
68;2024-02;HOGWARTS;WH23639;20;S;DIURNO;40;34;11:15;12:35;VIERNES;2024-01-08;2024-12-31;204;HOGWARTS - TORRE D;S;30762778;SI
69;2024-02;BEAUXBATON;WH23637;280;S;DIURNO;59;48;11:15;12:35;JUEVES;2024-01-08;2024-12-30;310;BEAUXBATON - EDIFICIO B;S;33556399;SI
70;2024-02;BEAUXBATON;WH23637;280;S;DIURNO;59;48;12:45;14:05;JUEVES;2024-01-08;2024-12-30;310;BEAUXBATON - EDIFICIO B;S;33556399;SI
71;2024-02;BEAUXBATON;WH23639;240;S;DIURNO;49;37;08:15;09:35;JUEVES;2024-01-08;2024-12-30;207 (H);BEAUXBATON - EDIFICIO B;S;33556399;SI
72;2024-02;BEAUXBATON;WH23639;240;S;DIURNO;49;37;09:45;11:05;JUEVES;2024-01-08;2024-12-30;207 (H);BEAUXBATON - EDIFICIO B;S;33556399;SI
73;2024-02;BEAUXBATON;WH23639;220;S;DIURNO;45;35;11:15;12:35;MIÉRCOLES;2024-01-08;2024-12-30;413 (H);BEAUXBATON - EDIFICIO B;S;33556399;SI
74;2024-02;BEAUXBATON;WH23639;220;S;DIURNO;45;35;12:45;14:05;MIÉRCOLES;2024-01-08;2024-12-30;413 (H);BEAUXBATON - EDIFICIO B;S;33556399;SI
75;2024-02;BEAUXBATON;WH233410;210;S;DIURNO;50;38;11:15;12:35;MARTES;2024-01-08;2024-12-30;104;BEAUXBATON - EDIFICIO A;S;33556399;SI
76;2024-02;BEAUXBATON;WH233410;210;S;DIURNO;50;38;12:45;14:05;MARTES;2024-01-08;2024-12-30;104;BEAUXBATON - EDIFICIO A;S;33556399;SI
77;2024-02;HOGWARTS;HP25152;10;S;DIURNO;40;40;09:45;11:05;MARTES;2024-01-08;2024-12-30;210;HOGWARTS - TORRE B;S;33977706;SI
78;2024-02;HOGWARTS;HP25152;20;S;DIURNO;42;42;11:15;12:35;MARTES;2024-01-08;2024-12-30;211;HOGWARTS - TORRE B;S;33977706;SI
79;2024-02;HOGWARTS;HP25152;30;S;DIURNO;41;41;12:45;14:05;MARTES;2024-01-08;2024-12-30;417;HOGWARTS - TORRE B;S;33977706;SI
80;2024-02;BEAUXBATON;HP25152;220;S;DIURNO;37;37;14:15;15:35;VIERNES;2024-01-08;2024-12-30;510;BEAUXBATON - EDIFICIO B;S;36487208;SI
81;2024-02;BEAUXBATON;HP25152;230;S;DIURNO;37;37;15:45;17:05;VIERNES;2024-01-08;2024-12-30;510;BEAUXBATON - EDIFICIO B;S;36487208;SI
82;2024-02;BEAUXBATON;HP25152;210;S;DIURNO;37;37;15:45;17:05;MIÉRCOLES;2024-01-08;2024-12-30;512;BEAUXBATON - EDIFICIO B;S;36487208;SI
83;2024-02;HOGWARTS;GH23494;30;S;VESPERTINO;15;6;18:50;20:10;VIERNES;2024-01-08;2024-12-30;204;HOGWARTS - TORRE B;S;36638287;SI
84;2024-02;HOGWARTS;GH23494;30;S;VESPERTINO;15;6;20:15;21:35;VIERNES;2024-01-08;2024-12-30;204;HOGWARTS - TORRE B;S;36638287;SI
85;2024-02;HOGWARTS;GH23494;30;S;VESPERTINO;15;6;21:40;23:00;VIERNES;2024-01-08;2024-12-30;204;HOGWARTS - TORRE B;S;36638287;SI
86;2024-02;HOGWARTS;GH23494;10;S;DIURNO;20;18;08:15;09:35;JUEVES;2024-01-08;2024-12-30;304;HOGWARTS - TORRE B;S;36638287;SI
87;2024-02;HOGWARTS;GH23494;10;S;DIURNO;20;18;09:45;11:05;JUEVES;2024-01-08;2024-12-30;304;HOGWARTS - TORRE B;S;36638287;SI
88;2024-02;HOGWARTS;GH23494;10;S;DIURNO;20;18;11:15;12:35;JUEVES;2024-01-08;2024-12-30;304;HOGWARTS - TORRE B;S;36638287;SI
89;2024-02;HOGWARTS;WH236031;20;S;DIURNO;13;7;09:45;11:05;VIERNES;2024-01-08;2024-12-30;207;HOGWARTS - TORRE B;S;37452082;SI
90;2024-02;HOGWARTS;WH236031;20;S;DIURNO;13;7;11:15;12:35;VIERNES;2024-01-08;2024-12-30;207;HOGWARTS - TORRE B;S;37452082;SI
91;2024-02;HOGWARTS;GH13509;50;S;DIURNO;20;7;08:15;09:35;MIÉRCOLES;2024-01-08;2024-12-30;AULA C (H);HOGWARTS - ;S;38307076;SI
92;2024-02;HOGWARTS;GH13509;50;S;DIURNO;20;7;09:45;11:05;MIÉRCOLES;2024-01-08;2024-12-30;AULA C (H);HOGWARTS - ;S;38307076;SI
93;2024-02;HOGWARTS;GH13509;50;S;DIURNO;20;7;11:15;12:35;MIÉRCOLES;2024-01-08;2024-12-30;AULA C (H);HOGWARTS - ;S;38307076;SI
94;2024-02;BEAUXBATON;WH236019;210;S;DIURNO;15;13;11:15;12:35;LUNES;2024-01-08;2024-12-30;505;BEAUXBATON - EDIFICIO B;S;38410052;SI
95;2024-02;BEAUXBATON;WH236019;210;S;DIURNO;15;13;12:45;14:05;LUNES;2024-01-08;2024-12-30;505;BEAUXBATON - EDIFICIO B;S;38410052;SI
96;2024-02;BEAUXBATON;WH236032;210;S;DIURNO;17;15;11:15;12:35;MARTES;2024-01-08;2024-12-30;Library;BEAUXBATON - EDIFICIO A;S;38410052;SI
97;2024-02;BEAUXBATON;WH236032;210;S;DIURNO;17;15;12:45;14:05;MARTES;2024-01-08;2024-12-30;Library;BEAUXBATON - EDIFICIO A;S;38410052;SI
98;2024-02;HOGWARTS;WH236011;10;S;DIURNO;30;30;09:45;11:05;MARTES;2024-01-08;2024-12-30;AULA E;HOGWARTS - ;S;41647869;SI
99;2024-02;HOGWARTS;WH236011;10;S;DIURNO;30;30;11:15;12:35;MARTES;2024-01-08;2024-12-30;AULA E;HOGWARTS - ;S;41647869;SI
100;2024-02;HOGWARTS;WH236011;20;S;DIURNO;30;11;14:15;15:35;MARTES;2024-01-08;2024-12-30;AULA E;HOGWARTS - ;S;41647869;SI
101;2024-02;HOGWARTS;WH236011;20;S;DIURNO;30;11;15:45;17:05;MARTES;2024-01-08;2024-12-30;AULA E;HOGWARTS - ;S;41647869;SI
102;2024-02;HOGWARTS;GH13946;20;S;VESPERTINO;27;11;18:50;20:10;MIÉRCOLES;2024-01-08;2024-12-30;209 (H);HOGWARTS - TORRE B;S;44802483;SI
103;2024-02;HOGWARTS;GH13946;20;S;VESPERTINO;27;11;20:15;21:35;MIÉRCOLES;2024-01-08;2024-12-30;209 (H);HOGWARTS - TORRE B;S;44802483;SI
104;2024-02;HOGWARTS;GH13946;10;S;DIURNO;20;17;15:45;17:05;MIÉRCOLES;2024-01-08;2024-12-30;308;HOGWARTS - TORRE B;S;44802483;SI
105;2024-02;HOGWARTS;GH13946;10;S;DIURNO;20;17;17:15;18:35;MIÉRCOLES;2024-01-08;2024-12-30;308;HOGWARTS - TORRE B;S;44802483;SI
106;2024-02;HOGWARTS;GH13468;40;S;VESPERTINO;20;15;18:50;20:10;MIÉRCOLES;2024-01-08;2024-12-30;216;HOGWARTS - TORRE B;S;45197848;NO
107;2024-02;HOGWARTS;GH13468;40;S;VESPERTINO;20;15;20:15;21:35;MIÉRCOLES;2024-01-08;2024-12-30;216;HOGWARTS - TORRE B;S;45197848;NO
108;2024-02;HOGWARTS;GH13468;40;S;VESPERTINO;20;15;21:40;23:00;MIÉRCOLES;2024-01-08;2024-12-30;216;HOGWARTS - TORRE B;S;45197848;NO
109;2024-02;HOGWARTS;PH110059;30;S;DIURNO;42;42;15:45;17:05;MARTES;2024-01-08;2024-12-30;210;HOGWARTS - TORRE B;S;46423089;SI
110;2024-02;HOGWARTS;PH110059;40;S;DIURNO;42;42;15:45;17:05;MIÉRCOLES;2024-01-08;2024-12-30;205;HOGWARTS - TORRE B;S;46423089;SI
111;2024-02;HOGWARTS;PH110059;60;S;DIURNO;35;32;14:15;15:35;MARTES;2024-01-08;2024-12-31;317;HOGWARTS - TORRE B;S;46423089;SI
112;2024-02;HOGWARTS;WH13143;30;I;DIURNO;15;3;17:15;18:35;MARTES;2024-01-08;2024-12-30;306;HOGWARTS - TORRE B;S;46552732;SI
113;2024-02;HOGWARTS;WH13143;30;I;DIURNO;15;3;18:50;20:10;MARTES;2024-01-08;2024-12-30;306;HOGWARTS - TORRE B;S;46552732;SI
114;2024-02;HOGWARTS;WH236003;40;S;DIURNO;14;14;14:15;15:35;MARTES;2024-01-08;2024-12-30;103 (EX 116) (H);HOGWARTS - TORRE D;S;46552732;SI
115;2024-02;HOGWARTS;WH236003;40;S;DIURNO;14;14;15:45;17:05;MARTES;2024-01-08;2024-12-30;103 (EX 116) (H);HOGWARTS - TORRE D;S;46552732;SI
116;2024-02;HOGWARTS;WH236021;10;S;DIURNO;11;11;09:45;11:05;MARTES;2024-01-08;2024-12-30;205;HOGWARTS - TORRE B;S;46552732;SI
117;2024-02;HOGWARTS;WH236021;10;S;DIURNO;11;11;11:15;12:35;MARTES;2024-01-08;2024-12-30;205;HOGWARTS - TORRE B;S;46552732;SI
118;2024-02;HOGWARTS;WH23637;70;S;DIURNO;38;38;08:15;09:35;MARTES;2024-01-08;2024-12-30;416;HOGWARTS - TORRE B;S;47906343;SI
119;2024-02;HOGWARTS;WH23637;70;S;DIURNO;38;38;08:15;09:35;MIÉRCOLES;2024-01-08;2024-12-30;416;HOGWARTS - TORRE B;S;47906343;SI
120;2024-02;HOGWARTS;WH233410;60;S;DIURNO;20;13;14:15;15:35;LUNES;2024-01-08;2024-12-30;103 (EX 116) (H);HOGWARTS - TORRE D;S;47906343;SI
121;2024-02;HOGWARTS;WH233410;60;S;DIURNO;20;13;15:45;17:05;LUNES;2024-01-08;2024-12-30;103 (EX 116) (H);HOGWARTS - TORRE D;S;47906343;SI
122;2024-02;HOGWARTS;GH23492;20;S;DIURNO;20;14;14:15;15:35;JUEVES;2024-01-08;2024-12-30;416;HOGWARTS - TORRE B;S;50846516;SI
123;2024-02;HOGWARTS;GH23492;20;S;DIURNO;20;14;15:45;17:05;JUEVES;2024-01-08;2024-12-30;416;HOGWARTS - TORRE B;S;50846516;SI
124;2024-02;HOGWARTS;GH23492;20;S;DIURNO;20;14;17:15;18:35;JUEVES;2024-01-08;2024-12-30;416;HOGWARTS - TORRE B;S;50846516;SI
125;2024-02;HOGWARTS;GH13509;70;S;VESPERTINO;16;3;18:50;20:10;JUEVES;2024-01-08;2024-12-30;201;HOGWARTS - TORRE B;S;50846516;SI
126;2024-02;HOGWARTS;GH13509;70;S;VESPERTINO;16;3;20:15;21:35;JUEVES;2024-01-08;2024-12-30;201;HOGWARTS - TORRE B;S;50846516;SI
127;2024-02;HOGWARTS;GH13509;70;S;VESPERTINO;16;3;21:40;23:00;JUEVES;2024-01-08;2024-12-30;201;HOGWARTS - TORRE B;S;50846516;SI
128;2024-02;HOGWARTS;GH13509;40;S;DIURNO;20;17;08:15;09:35;MIÉRCOLES;2024-01-08;2024-12-30;405;HOGWARTS - TORRE B;S;50846516;SI
129;2024-02;HOGWARTS;GH13509;40;S;DIURNO;20;17;09:45;11:05;MIÉRCOLES;2024-01-08;2024-12-30;405;HOGWARTS - TORRE B;S;50846516;SI
130;2024-02;HOGWARTS;GH13509;40;S;DIURNO;20;17;11:15;12:35;MIÉRCOLES;2024-01-08;2024-12-30;405;HOGWARTS - TORRE B;S;50846516;SI
131;2024-02;BEAUXBATON;GH13467;220;S;DIURNO;55;51;14:15;15:35;MARTES;2024-01-08;2024-12-30;102 (H);BEAUXBATON - EDIFICIO A;S;52199394;SI
132;2024-02;BEAUXBATON;GH13467;220;S;DIURNO;55;51;15:45;17:05;MARTES;2024-01-08;2024-12-30;102 (H);BEAUXBATON - EDIFICIO A;S;52199394;SI
133;2024-02;BEAUXBATON;GH13467;220;S;DIURNO;55;51;17:15;18:35;MARTES;2024-01-08;2024-12-30;102 (H);BEAUXBATON - EDIFICIO A;S;52199394;SI
134;2024-02;BEAUXBATON;WH23637;250;S;DIURNO;45;25;11:15;12:35;JUEVES;2024-01-08;2024-12-30;410;BEAUXBATON - EDIFICIO B;S;54966881;SI
135;2024-02;BEAUXBATON;WH23637;250;S;DIURNO;45;25;12:45;14:05;JUEVES;2024-01-08;2024-12-30;410;BEAUXBATON - EDIFICIO B;S;54966881;SI
136;2024-02;BEAUXBATON;WH23637;270;S;DIURNO;49;47;11:15;12:35;LUNES;2024-01-08;2024-12-30;508;BEAUXBATON - EDIFICIO B;S;54966881;SI
137;2024-02;BEAUXBATON;WH23637;270;S;DIURNO;49;47;12:45;14:05;LUNES;2024-01-08;2024-12-30;508;BEAUXBATON - EDIFICIO B;S;54966881;SI
138;2024-02;BEAUXBATON;WH23637;210;S;DIURNO;48;47;11:15;12:35;MARTES;2024-01-08;2024-12-30;413 (H);BEAUXBATON - EDIFICIO B;S;54966881;SI
139;2024-02;BEAUXBATON;WH23637;240;S;DIURNO;45;45;08:15;09:35;MIÉRCOLES;2024-01-08;2024-12-30;507 (H);BEAUXBATON - EDIFICIO B;S;54966881;SI
140;2024-02;BEAUXBATON;WH23637;240;S;DIURNO;45;45;09:45;11:05;MIÉRCOLES;2024-01-08;2024-12-30;507 (H);BEAUXBATON - EDIFICIO B;S;54966881;SI
141;2024-02;BEAUXBATON;WH23637;210;S;DIURNO;48;47;11:15;12:35;MIÉRCOLES;2024-01-08;2024-12-30;AUDITORIO 1 (H) ;BEAUXBATON - EDIFICIO A;S;54966881;SI
142;2024-02;BEAUXBATON;WH233410;240;S;DIURNO;45;26;17:15;18:35;MARTES;2024-01-08;2024-12-30;408 (H);BEAUXBATON - EDIFICIO B;S;54966881;SI
143;2024-02;BEAUXBATON;WH233410;240;S;DIURNO;45;26;18:50;20:10;MARTES;2024-01-08;2024-12-30;408 (H);BEAUXBATON - EDIFICIO B;S;54966881;SI
144;2024-02;HOGWARTS;GH23494;20;S;DIURNO;18;8;14:15;15:35;LUNES;2024-01-08;2024-12-30;302;HOGWARTS - TORRE B;S;55077408;SI
145;2024-02;HOGWARTS;GH23494;20;S;DIURNO;18;8;15:35;17:05;LUNES;2024-01-08;2024-12-30;302;HOGWARTS - TORRE B;S;55077408;SI
146;2024-02;HOGWARTS;GH23494;20;S;DIURNO;18;8;17:15;18:35;LUNES;2024-01-08;2024-12-30;302;HOGWARTS - TORRE B;S;55077408;SI
147;2024-02;HOGWARTS;GH23495;40;S;DIURNO;20;20;08:15;09:35;MARTES;2024-01-08;2024-12-30;207;HOGWARTS - TORRE D;S;55310052;SI
148;2024-02;HOGWARTS;GH23495;40;S;DIURNO;20;20;09:45;11:05;MARTES;2024-01-08;2024-12-30;207;HOGWARTS - TORRE D;S;55310052;SI
149;2024-02;HOGWARTS;GH23495;40;S;DIURNO;20;20;11:15;12:35;MARTES;2024-01-08;2024-12-30;207;HOGWARTS - TORRE D;S;55310052;SI
150;2024-02;HOGWARTS;HP24090;10;S;DIURNO;20;19;08:15;09:35;VIERNES;2024-01-08;2024-12-30;209 (H);HOGWARTS - TORRE B;S;55310052;SI
151;2024-02;HOGWARTS;HP24090;10;S;DIURNO;20;19;09:45;11:05;VIERNES;2024-01-08;2024-12-30;209 (H);HOGWARTS - TORRE B;S;55310052;SI
152;2024-02;HOGWARTS;GH24441;20;S;VESPERTINO;30;12;18:50;20:10;JUEVES;2024-01-08;2024-12-30;410;HOGWARTS - TORRE B;S;55310052;SI
153;2024-02;HOGWARTS;GH24441;20;S;VESPERTINO;30;12;20:15;21:35;JUEVES;2024-01-08;2024-12-30;410;HOGWARTS - TORRE B;S;55310052;SI
154;2024-02;HOGWARTS;PH110086;40;S;DIURNO;44;0;12:45;14:05;VIERNES;2024-01-08;2024-12-31;39;HOGWARTS - TORRE  II;S;55813714;SI
155;2024-02;HOGWARTS;GH13457;30;S;DIURNO;75;75;14:15;15:35;LUNES;2024-01-08;2024-12-30;AULA D (H);HOGWARTS - ;S;56320673;SI
156;2024-02;HOGWARTS;GH13457;30;S;DIURNO;75;75;15:45;17:05;LUNES;2024-01-08;2024-12-30;AULA D (H);HOGWARTS - ;S;56320673;SI
157;2024-02;HOGWARTS;GH13457;30;S;DIURNO;75;75;17:15;18:35;LUNES;2024-01-08;2024-12-30;AULA D (H);HOGWARTS - ;S;56320673;SI
158;2024-02;HOGWARTS;GH13468;30;S;VESPERTINO;20;20;18:50;20:10;MIÉRCOLES;2024-01-08;2024-12-30;312;HOGWARTS - TORRE B;S;56320673;SI
159;2024-02;HOGWARTS;GH13468;30;S;VESPERTINO;20;20;20:15;21:35;MIÉRCOLES;2024-01-08;2024-12-30;312;HOGWARTS - TORRE B;S;56320673;SI
160;2024-02;HOGWARTS;GH13468;30;S;VESPERTINO;20;20;21:40;23:00;MIÉRCOLES;2024-01-08;2024-12-30;312;HOGWARTS - TORRE B;S;56320673;SI
161;2024-02;HOGWARTS;HP14148;10;S;DIURNO;35;35;08:15;09:35;JUEVES;2024-01-08;2024-12-30;211;HOGWARTS - TORRE B;S;56320673;SI
162;2024-02;HOGWARTS;HP14148;10;S;DIURNO;35;35;09:45;11:05;JUEVES;2024-01-08;2024-12-30;211;HOGWARTS - TORRE B;S;56320673;SI
163;2024-02;HOGWARTS;GH13489;10;S;DIURNO;60;55;08:15;09:35;VIERNES;2024-01-08;2024-12-30;AULA A (H);HOGWARTS - ;S;56799171;SI
164;2024-02;HOGWARTS;GH13489;10;S;DIURNO;60;55;09:45;11:05;VIERNES;2024-01-08;2024-12-30;AULA A (H);HOGWARTS - ;S;56799171;SI
165;2024-02;HOGWARTS;GH13489;10;S;DIURNO;60;55;11:15;12:35;VIERNES;2024-01-08;2024-12-30;AULA A (H);HOGWARTS - ;S;56799171;SI
166;2024-02;BEAUXBATON;GH23492;210;S;DIURNO;20;17;14:15;15:35;MIÉRCOLES;2024-01-08;2024-12-30;504;BEAUXBATON - EDIFICIO B;S;59060195;SI
167;2024-02;BEAUXBATON;GH23492;210;S;DIURNO;20;17;15:45;17:05;MIÉRCOLES;2024-01-08;2024-12-30;504;BEAUXBATON - EDIFICIO B;S;59060195;SI
168;2024-02;BEAUXBATON;GH23492;210;S;DIURNO;20;17;17:15;18:35;MIÉRCOLES;2024-01-08;2024-12-30;504;BEAUXBATON - EDIFICIO B;S;59060195;SI
169;2024-02;BEAUXBATON;WH233412;210;S;DIURNO;17;14;11:15;12:35;MIÉRCOLES;2024-01-08;2024-12-30;407;BEAUXBATON - EDIFICIO B;S;59354276;SI
170;2024-02;BEAUXBATON;WH233412;210;S;DIURNO;17;14;12:45;14:05;MIÉRCOLES;2024-01-08;2024-12-30;407;BEAUXBATON - EDIFICIO B;S;59354276;SI
171;2024-02;HOGWARTS;GH13456;30;S;DIURNO;60;59;08:15;09:35;JUEVES;2024-01-08;2024-12-30;210 (H);HOGWARTS - TORRE D;S;61624006;SI
172;2024-02;HOGWARTS;GH13456;30;S;DIURNO;60;59;09:45;11:05;JUEVES;2024-01-08;2024-12-30;210 (H);HOGWARTS - TORRE D;S;61624006;SI
173;2024-02;HOGWARTS;GH13456;30;S;DIURNO;60;59;11:15;12:35;JUEVES;2024-01-08;2024-12-30;210 (H);HOGWARTS - TORRE D;S;61624006;SI
174;2024-02;BEAUXBATON;WH23637;290;S;DIURNO;35;35;11:15;12:35;LUNES;2024-01-08;2024-12-30;203;BEAUXBATON - EDIFICIO A;S;62216545;SI
175;2024-02;BEAUXBATON;WH23637;290;S;DIURNO;35;35;12:45;14:05;LUNES;2024-01-08;2024-12-30;203;BEAUXBATON - EDIFICIO A;S;62216545;SI
176;2024-02;BEAUXBATON;WH23637;220;S;DIURNO;41;41;15:45;17:05;LUNES;2024-01-08;2024-12-30;204;BEAUXBATON - EDIFICIO A;S;62216545;SI
177;2024-02;BEAUXBATON;WH23637;220;S;DIURNO;41;41;17:15;18:35;LUNES;2024-01-08;2024-12-30;204;BEAUXBATON - EDIFICIO A;S;62216545;SI
178;2024-02;BEAUXBATON;WH23637;260;S;DIURNO;49;46;14:15;15:35;VIERNES;2024-01-08;2024-12-30;413 (H);BEAUXBATON - EDIFICIO B;S;62216545;SI
179;2024-02;BEAUXBATON;WH23637;260;S;DIURNO;49;46;15:45;17:05;VIERNES;2024-01-08;2024-12-30;413 (H);BEAUXBATON - EDIFICIO B;S;62216545;SI
180;2024-02;BEAUXBATON;GH13985;210;S;DIURNO;35;24;08:15;09:35;VIERNES;2024-01-08;2024-12-31;202;BEAUXBATON - EDIFICIO A;S;62262145;SI
181;2024-02;BEAUXBATON;GH13985;210;S;DIURNO;35;24;09:45;11:05;VIERNES;2024-01-08;2024-12-31;202;BEAUXBATON - EDIFICIO A;S;62262145;SI
182;2024-02;HOGWARTS;WH236022;10;S;DIURNO;25;7;14:15;15:35;JUEVES;2024-01-08;2024-12-30;410;HOGWARTS - TORRE B;S;62513980;SI
183;2024-02;HOGWARTS;WH236022;10;S;DIURNO;25;7;15:45;17:05;JUEVES;2024-01-08;2024-12-30;410;HOGWARTS - TORRE B;S;62513980;SI
184;2024-02;HOGWARTS;WH236036;30;S;DIURNO;10;7;09:45;11:05;MIÉRCOLES;2024-01-08;2024-12-30;306;HOGWARTS - TORRE B;S;62513980;SI
185;2024-02;HOGWARTS;WH236036;30;S;DIURNO;10;7;11:15;12:35;MIÉRCOLES;2024-01-08;2024-12-30;306;HOGWARTS - TORRE B;S;62513980;SI
186;2024-02;HOGWARTS;GH13475;10;S;VESPERTINO;40;9;18:50;20:10;JUEVES;2024-01-08;2024-12-30;315;HOGWARTS - TORRE B;S;62727229;SI
187;2024-02;HOGWARTS;GH13475;10;S;VESPERTINO;40;9;20:15;21:35;JUEVES;2024-01-08;2024-12-30;315;HOGWARTS - TORRE B;S;62727229;SI
188;2024-02;HOGWARTS;GH13475;10;S;VESPERTINO;40;9;21:40;23:00;JUEVES;2024-01-08;2024-12-30;315;HOGWARTS - TORRE B;S;62727229;SI
189;2024-02;HOGWARTS;GH13487;10;S;DIURNO;60;55;14:15;15:35;JUEVES;2024-01-08;2024-12-30;AULA A (H);HOGWARTS - ;S;62727229;SI
190;2024-02;HOGWARTS;GH13487;10;S;DIURNO;60;55;15:45;17:05;JUEVES;2024-01-08;2024-12-30;AULA A (H);HOGWARTS - ;S;62727229;SI
191;2024-02;HOGWARTS;GH13487;10;S;DIURNO;60;55;17:15;18:35;JUEVES;2024-01-08;2024-12-30;AULA A (H);HOGWARTS - ;S;62727229;SI
192;2024-02;HOGWARTS;WH236002;10;S;DIURNO;35;33;09:45;11:05;MARTES;2024-01-08;2024-12-30;204;HOGWARTS - TORRE B;S;62988035;SI
193;2024-02;HOGWARTS;WH236002;10;S;DIURNO;35;33;11:15;12:35;MARTES;2024-01-08;2024-12-30;204;HOGWARTS - TORRE B;S;62988035;SI
194;2024-02;HOGWARTS;PH110086;25;S;DIURNO;29;0;12:45;14:05;MARTES;2024-01-08;2024-12-31;Sala Dementores;AZKABAN;S;63083569;SI
195;2024-02;BEAUXBATON;HW13977;210;S;DIURNO;35;34;15:45;17:05;LUNES;2024-01-08;2024-12-31;208;BEAUXBATON - EDIFICIO A;S;63575658;SI
196;2024-02;BEAUXBATON;HW13977;210;S;DIURNO;35;34;17:15;18:35;LUNES;2024-01-08;2024-12-31;208;BEAUXBATON - EDIFICIO A;S;63575658;SI
197;2024-02;BEAUXBATON;GH13480;210;S;DIURNO;50;49;14:15;15:35;MARTES;2024-01-08;2024-12-30;205;BEAUXBATON - EDIFICIO A;S;65751279;SI
198;2024-02;BEAUXBATON;GH13480;210;S;DIURNO;50;49;15:45;17:05;MARTES;2024-01-08;2024-12-30;205;BEAUXBATON - EDIFICIO A;S;65751279;SI
199;2024-02;BEAUXBATON;GH13480;210;S;DIURNO;50;49;17:15;18:35;MARTES;2024-01-08;2024-12-30;205;BEAUXBATON - EDIFICIO A;S;65751279;SI
200;2024-02;HOGWARTS;GH23492;30;S;VESPERTINO;15;6;18:50;20:10;LUNES;2024-01-08;2024-12-30;203;HOGWARTS - TORRE B;S;66659119;SI
201;2024-02;HOGWARTS;GH23492;30;S;VESPERTINO;15;6;20:15;21:35;LUNES;2024-01-08;2024-12-30;203;HOGWARTS - TORRE B;S;66659119;SI
202;2024-02;HOGWARTS;GH23492;30;S;VESPERTINO;15;6;21:40;23:00;LUNES;2024-01-08;2024-12-30;203;HOGWARTS - TORRE B;S;66659119;SI
203;2024-02;HOGWARTS;WH23637;30;S;DIURNO;47;47;11:15;12:35;JUEVES;2024-01-08;2024-12-30;213;HOGWARTS - TORRE B;S;67153046;SI
204;2024-02;HOGWARTS;WH23637;50;S;DIURNO;40;40;14:15;15:35;JUEVES;2024-01-08;2024-12-30;202;HOGWARTS - TORRE D;S;67153046;SI
205;2024-02;HOGWARTS;WH23637;50;S;DIURNO;40;40;15:45;17:05;JUEVES;2024-01-08;2024-12-30;202;HOGWARTS - TORRE D;S;67153046;SI
206;2024-02;HOGWARTS;WH23637;30;S;DIURNO;47;47;11:15;12:35;VIERNES;2024-01-08;2024-12-30;210 (H);HOGWARTS - TORRE D;S;67153046;SI
207;2024-02;HOGWARTS;WH23639;30;S;DIURNO;35;34;15:45;17:05;MIÉRCOLES;2024-01-08;2024-12-30;204;HOGWARTS - TORRE D;S;67153046;SI
208;2024-02;HOGWARTS;WH23639;30;S;DIURNO;35;34;17:15;18:35;MIÉRCOLES;2024-01-08;2024-12-30;204;HOGWARTS - TORRE D;S;67153046;SI
209;2024-02;HOGWARTS;WH233410;30;S;DIURNO;39;39;12:45;14:05;JUEVES;2024-01-08;2024-12-30;206;HOGWARTS - TORRE B;S;67153046;SI
210;2024-02;HOGWARTS;WH233410;30;S;DIURNO;39;39;12:45;14:05;VIERNES;2024-01-08;2024-12-30;206;HOGWARTS - TORRE B;S;67153046;SI
211;2024-02;HOGWARTS;GH13457;40;S;VESPERTINO;33;28;18:50;20:10;MIÉRCOLES;2024-01-08;2024-12-30;41;HOGWARTS - TORRE B;S;67267441;SI
212;2024-02;HOGWARTS;GH13457;40;S;VESPERTINO;33;28;20:15;21:35;MIÉRCOLES;2024-01-08;2024-12-30;41;HOGWARTS - TORRE B;S;67267441;SI
213;2024-02;HOGWARTS;GH13457;40;S;VESPERTINO;33;28;21:40;23:00;MIÉRCOLES;2024-01-08;2024-12-30;41;HOGWARTS - TORRE B;S;67267441;SI
214;2024-02;HOGWARTS;WH236012;10;S;DIURNO;30;14;11:15;12:35;VIERNES;2024-01-08;2024-12-30;304;HOGWARTS - TORRE D;S;68800048;SI
215;2024-02;HOGWARTS;WH236012;10;S;DIURNO;30;14;09:45;11:05;VIERNES;2024-01-08;2024-12-30;304;HOGWARTS - TORRE D;S;68800048;SI
216;2024-02;HOGWARTS;WH236023;10;S;DIURNO;25;8;14:15;15:35;VIERNES;2024-01-08;2024-12-30;315;HOGWARTS - TORRE B;S;68800048;SI
217;2024-02;HOGWARTS;WH236023;10;S;DIURNO;25;8;15:45;17:05;VIERNES;2024-01-08;2024-12-30;315;HOGWARTS - TORRE B;S;68800048;SI
218;2024-02;HOGWARTS;WH236036;20;S;DIURNO;10;2;15:45;17:05;JUEVES;2024-01-08;2024-12-30;203;HOGWARTS - TORRE B;S;68800048;SI
219;2024-02;HOGWARTS;WH236036;20;S;DIURNO;10;2;17:15;18:35;JUEVES;2024-01-08;2024-12-30;203;HOGWARTS - TORRE B;S;68800048;SI
220;2024-02;HOGWARTS;WH13143;10;I;DIURNO;15;0;17:15;18:35;MARTES;2024-01-08;2024-12-30;201;HOGWARTS - TORRE B;S;69704998;SI
221;2024-02;HOGWARTS;WH13143;10;I;DIURNO;15;0;18:50;20:10;MARTES;2024-01-08;2024-12-30;201;HOGWARTS - TORRE B;S;69704998;SI
222;2024-02;HOGWARTS;HP14148;20;S;VESPERTINO;30;27;11:15;12:35;SáBADO;2024-01-08;2024-12-30;310;HOGWARTS - TORRE B;S;69704998;SI
223;2024-02;HOGWARTS;HP14148;20;S;VESPERTINO;30;27;12:45;14:05;SáBADO;2024-01-08;2024-12-30;310;HOGWARTS - TORRE B;S;69704998;SI
224;2024-02;HOGWARTS;WH233406;10;S;DIURNO;35;35;09:45;11:05;VIERNES;2024-01-08;2024-12-30;311;HOGWARTS - TORRE B;S;69704998;SI
225;2024-02;HOGWARTS;WH233406;10;S;DIURNO;35;35;11:15;12:35;VIERNES;2024-01-08;2024-12-30;311;HOGWARTS - TORRE B;S;69704998;SI
226;2024-02;HOGWARTS;WH233406;20;S;DIURNO;35;31;14:15;15:35;LUNES;2024-01-08;2024-12-30;317;HOGWARTS - TORRE B;S;69704998;SI
227;2024-02;HOGWARTS;WH233406;20;S;DIURNO;35;31;15:45;17:05;LUNES;2024-01-08;2024-12-30;317;HOGWARTS - TORRE B;S;69704998;SI
228;2024-02;HOGWARTS;WH233412;10;S;DIURNO;27;22;14:15;15:35;MARTES;2024-01-08;2024-12-30;9 (H);HOGWARTS - TORRE B;S;69704998;SI
229;2024-02;HOGWARTS;WH233412;10;S;DIURNO;27;22;15:45;17:05;MARTES;2024-01-08;2024-12-30;9 (H);HOGWARTS - TORRE B;S;69704998;SI
230;2024-02;HOGWARTS;GH13458;50;S;VESPERTINO;36;32;18:50;20:10;JUEVES;2024-01-08;2024-12-30;411;HOGWARTS - TORRE B;S;70772614;SI
231;2024-02;HOGWARTS;GH13458;50;S;VESPERTINO;36;32;20:15;21:35;JUEVES;2024-01-08;2024-12-30;411;HOGWARTS - TORRE B;S;70772614;SI
232;2024-02;HOGWARTS;GH13458;50;S;VESPERTINO;36;32;21:40;23:00;JUEVES;2024-01-08;2024-12-30;411;HOGWARTS - TORRE B;S;70772614;SI
233;2024-02;HOGWARTS;GH13469;10;S;DIURNO;65;65;14:15;15:35;JUEVES;2024-01-08;2024-12-30;AULA B (H);HOGWARTS - ;S;70772614;SI
234;2024-02;HOGWARTS;GH13469;10;S;DIURNO;65;65;15:45;17:05;JUEVES;2024-01-08;2024-12-30;AULA B (H);HOGWARTS - ;S;70772614;SI
235;2024-02;HOGWARTS;GH13469;10;S;DIURNO;65;65;17:15;18:35;JUEVES;2024-01-08;2024-12-30;AULA B (H);HOGWARTS - ;S;70772614;SI
236;2024-02;HOGWARTS;GH13463;10;S;DIURNO;50;21;14:15;15:35;MARTES;2024-01-08;2024-12-30;310 (H);HOGWARTS - TORRE D;S;72706890;SI
237;2024-02;HOGWARTS;GH13463;10;S;DIURNO;50;21;15:45;17:05;MARTES;2024-01-08;2024-12-30;310 (H);HOGWARTS - TORRE D;S;72706890;SI
238;2024-02;HOGWARTS;GH13463;10;S;DIURNO;50;21;17:15;18:35;MARTES;2024-01-08;2024-12-30;310 (H);HOGWARTS - TORRE D;S;72706890;SI
239;2024-02;HOGWARTS;GH13459;50;S;VESPERTINO;34;31;18:50;20:10;VIERNES;2024-01-08;2024-12-30;417;HOGWARTS - TORRE B;S;73750567;SI
240;2024-02;HOGWARTS;GH13459;50;S;VESPERTINO;34;31;20:15;21:35;VIERNES;2024-01-08;2024-12-30;417;HOGWARTS - TORRE B;S;73750567;SI
241;2024-02;HOGWARTS;GH13459;50;S;VESPERTINO;34;31;21:40;23:00;VIERNES;2024-01-08;2024-12-30;417;HOGWARTS - TORRE B;S;73750567;SI
242;2024-02;HOGWARTS;GH13459;20;S;DIURNO;75;68;08:15;09:35;LUNES;2024-01-08;2024-12-30;AULA D (H);HOGWARTS - ;S;73750567;SI
243;2024-02;HOGWARTS;GH13459;20;S;DIURNO;75;68;09:45;11:05;LUNES;2024-01-08;2024-12-30;AULA D (H);HOGWARTS - ;S;73750567;SI
244;2024-02;HOGWARTS;GH13459;20;S;DIURNO;75;68;11:15;12:35;LUNES;2024-01-08;2024-12-30;AULA D (H);HOGWARTS - ;S;73750567;SI
245;2024-02;BEAUXBATON;HP25151;220;S;DIURNO;38;33;08:15;09:35;VIERNES;2024-01-08;2024-12-30;512;BEAUXBATON - EDIFICIO B;S;77732028;SI
246;2024-02;BEAUXBATON;HP25151;230;S;DIURNO;38;33;15:45;17:05;VIERNES;2024-01-08;2024-12-30;512;BEAUXBATON - EDIFICIO B;S;77732028;SI
247;2024-02;BEAUXBATON;HP25151;210;S;DIURNO;38;38;15:45;17:05;MIÉRCOLES;2024-01-08;2024-12-30;408 (H);BEAUXBATON - EDIFICIO B;S;77732028;SI
248;2024-02;BEAUXBATON;WH233406;210;S;DIURNO;30;25;11:15;12:35;LUNES;2024-01-08;2024-12-30;408 (H);BEAUXBATON - EDIFICIO B;S;77732028;SI
249;2024-02;BEAUXBATON;WH233406;210;S;DIURNO;30;25;12:45;14:05;LUNES;2024-01-08;2024-12-30;408 (H);BEAUXBATON - EDIFICIO B;S;77732028;SI
250;2024-02;BEAUXBATON;GH13489;210;S;DIURNO;30;27;14:15;15:35;JUEVES;2024-01-08;2024-12-30;310;BEAUXBATON - EDIFICIO B;S;77937835;SI
251;2024-02;BEAUXBATON;GH13489;210;S;DIURNO;30;27;15:45;17:05;JUEVES;2024-01-08;2024-12-30;310;BEAUXBATON - EDIFICIO B;S;77937835;SI
252;2024-02;BEAUXBATON;GH13489;210;S;DIURNO;30;27;17:15;18:35;JUEVES;2024-01-08;2024-12-30;310;BEAUXBATON - EDIFICIO B;S;77937835;SI
253;2024-02;BEAUXBATON;GH13468;210;S;DIURNO;58;58;09:45;11:05;MARTES;2024-01-08;2024-12-30;102 (H);BEAUXBATON - EDIFICIO A;S;78902830;SI
254;2024-02;BEAUXBATON;GH13468;210;S;DIURNO;58;58;11:15;12:35;MARTES;2024-01-08;2024-12-30;102 (H);BEAUXBATON - EDIFICIO A;S;78902830;SI
255;2024-02;BEAUXBATON;GH13468;210;S;DIURNO;58;58;12:45;14:05;MARTES;2024-01-08;2024-12-30;102 (H);BEAUXBATON - EDIFICIO A;S;78902830;SI
256;2024-02;BEAUXBATON;GH24442;210;S;DIURNO;27;18;15:45;17:05;LUNES;2024-01-08;2024-12-30;501;BEAUXBATON - EDIFICIO B;S;78902830;SI
257;2024-02;BEAUXBATON;GH24442;210;S;DIURNO;27;18;17:15;18:35;LUNES;2024-01-08;2024-12-30;501;BEAUXBATON - EDIFICIO B;S;78902830;SI
258;2024-02;HOGWARTS;GH13458;30;S;DIURNO;70;70;14:15;15:35;JUEVES;2024-01-08;2024-12-30;AULA C (H);HOGWARTS - ;S;82257813;SI
259;2024-02;HOGWARTS;GH13458;30;S;DIURNO;70;70;15:45;17:05;JUEVES;2024-01-08;2024-12-30;AULA C (H);HOGWARTS - ;S;82257813;SI
260;2024-02;HOGWARTS;GH13458;30;S;DIURNO;70;70;17:15;18:35;JUEVES;2024-01-08;2024-12-30;AULA C (H);HOGWARTS - ;S;82257813;SI
261;2024-02;HOGWARTS;GH23492;10;S;DIURNO;20;6;08:15;09:35;MIÉRCOLES;2024-01-08;2024-12-30;201 (EX 22);HOGWARTS - ;S;83094025;SI
262;2024-02;HOGWARTS;GH23492;10;S;DIURNO;20;6;09:45;11:05;MIÉRCOLES;2024-01-08;2024-12-30;201 (EX 22);HOGWARTS - ;S;83094025;SI
263;2024-02;HOGWARTS;GH23492;10;S;DIURNO;20;6;11:15;12:35;MIÉRCOLES;2024-01-08;2024-12-30;201 (EX 22);HOGWARTS - ;S;83094025;SI
264;2024-02;HOGWARTS;WH236036;40;S;DIURNO;10;7;14:15;15:35;MIÉRCOLES;2024-01-08;2024-12-30;203;HOGWARTS - TORRE B;S;84872367;SI
265;2024-02;HOGWARTS;WH236036;40;S;DIURNO;10;7;15:45;17:05;MIÉRCOLES;2024-01-08;2024-12-30;203;HOGWARTS - TORRE B;S;84872367;SI
266;2024-02;HOGWARTS;GH13468;10;S;DIURNO;50;50;08:15;09:35;LUNES;2024-01-08;2024-12-30;AULA A (H);HOGWARTS - ;S;86546445;SI
267;2024-02;HOGWARTS;GH13468;10;S;DIURNO;50;50;09:45;11:05;LUNES;2024-01-08;2024-12-30;AULA A (H);HOGWARTS - ;S;86546445;SI
268;2024-02;HOGWARTS;GH13468;10;S;DIURNO;50;50;11:15;12:35;LUNES;2024-01-08;2024-12-30;AULA A (H);HOGWARTS - ;S;86546445;SI
269;2024-02;HOGWARTS;GH23495;10;S;DIURNO;25;18;08:15;09:35;MARTES;2024-01-08;2024-12-30;203;HOGWARTS - TORRE D;S;86546445;SI
270;2024-02;HOGWARTS;GH23495;10;S;DIURNO;25;18;09:45;11:05;MARTES;2024-01-08;2024-12-30;203;HOGWARTS - TORRE D;S;86546445;SI
271;2024-02;HOGWARTS;GH23495;10;S;DIURNO;25;18;11:15;12:35;MARTES;2024-01-08;2024-12-30;203;HOGWARTS - TORRE D;S;86546445;SI
272;2024-02;HOGWARTS;WH236036;10;S;DIURNO;10;4;09:45;11:05;MIÉRCOLES;2024-01-08;2024-12-30;206;HOGWARTS - TORRE B;S;90069145;SI
273;2024-02;HOGWARTS;WH236036;10;S;DIURNO;10;4;11:15;12:35;MIÉRCOLES;2024-01-08;2024-12-30;206;HOGWARTS - TORRE B;S;90069145;SI
274;2024-02;BEAUXBATON;GH13458;210;S;DIURNO;47;47;09:45;11:05;VIERNES;2024-01-08;2024-12-30;204;BEAUXBATON - EDIFICIO A;S;90679397;SI
275;2024-02;BEAUXBATON;GH13458;210;S;DIURNO;47;47;11:15;12:35;VIERNES;2024-01-08;2024-12-30;204;BEAUXBATON - EDIFICIO A;S;90679397;SI
276;2024-02;BEAUXBATON;GH13458;210;S;DIURNO;47;47;12:45;14:05;VIERNES;2024-01-08;2024-12-30;204;BEAUXBATON - EDIFICIO A;S;90679397;SI
277;2024-02;BEAUXBATON;GH13458;220;S;DIURNO;40;31;14:15;15:35;LUNES;2024-01-08;2024-12-30;410;BEAUXBATON - EDIFICIO B;S;90679397;SI
278;2024-02;BEAUXBATON;GH13458;220;S;DIURNO;40;31;15:45;17:05;LUNES;2024-01-08;2024-12-30;410;BEAUXBATON - EDIFICIO B;S;90679397;SI
279;2024-02;BEAUXBATON;GH13458;220;S;DIURNO;40;31;17:15;18:35;LUNES;2024-01-08;2024-12-30;410;BEAUXBATON - EDIFICIO B;S;90679397;SI
280;2024-02;BEAUXBATON;GH13493;210;S;DIURNO;20;19;14:15;15:35;JUEVES;2024-01-08;2024-12-30;407;BEAUXBATON - EDIFICIO B;S;90679397;SI
281;2024-02;BEAUXBATON;GH13493;210;S;DIURNO;20;19;15:45;17:05;JUEVES;2024-01-08;2024-12-30;407;BEAUXBATON - EDIFICIO B;S;90679397;SI
282;2024-02;BEAUXBATON;GH13493;210;S;DIURNO;20;19;17:15;18:35;JUEVES;2024-01-08;2024-12-30;407;BEAUXBATON - EDIFICIO B;S;90679397;SI
283;2024-02;HOGWARTS;GH24442;10;S;DIURNO;60;60;14:15;15:35;MIÉRCOLES;2024-01-08;2024-12-30;305 (H);HOGWARTS - ;S;91902643;SI
284;2024-02;HOGWARTS;GH24442;10;S;DIURNO;60;60;15:45;17:05;MIÉRCOLES;2024-01-08;2024-12-30;305 (H);HOGWARTS - ;S;91902643;SI
285;2024-02;HOGWARTS;GH14444;10;S;DIURNO;35;31;11:15;12:35;VIERNES;2024-01-08;2024-12-30;211;HOGWARTS - TORRE B;S;92810368;SI
286;2024-02;HOGWARTS;GH14444;10;S;DIURNO;35;31;12:45;14:05;VIERNES;2024-01-08;2024-12-30;211;HOGWARTS - TORRE B;S;92810368;SI
287;2024-02;HOGWARTS;GH13456;50;S;VESPERTINO;35;33;18:50;20:10;MARTES;2024-01-08;2024-12-30;209 (H);HOGWARTS - TORRE B;S;94727426;SI
288;2024-02;HOGWARTS;GH13456;50;S;VESPERTINO;35;33;20:15;21:35;MARTES;2024-01-08;2024-12-30;209 (H);HOGWARTS - TORRE B;S;94727426;SI
289;2024-02;HOGWARTS;GH13456;50;S;VESPERTINO;35;33;21:40;23:00;MARTES;2024-01-08;2024-12-30;209 (H);HOGWARTS - TORRE B;S;94727426;SI
290;2024-02;BEAUXBATON;WH236003;220;S;DIURNO;10;9;11:15;12:35;VIERNES;2024-01-08;2024-12-30;406;BEAUXBATON - EDIFICIO B;S;96703051;SI
291;2024-02;BEAUXBATON;WH236003;220;S;DIURNO;10;9;12:45;14:05;VIERNES;2024-01-08;2024-12-30;406;BEAUXBATON - EDIFICIO B;S;96703051;SI
292;2024-02;BEAUXBATON;WH236010;220;S;DIURNO;10;8;14:15;15:35;MIÉRCOLES;2024-01-08;2024-12-30;406;BEAUXBATON - EDIFICIO B;S;96703051;SI
293;2024-02;BEAUXBATON;WH236010;220;S;DIURNO;10;8;15:45;17:05;MIÉRCOLES;2024-01-08;2024-12-30;406;BEAUXBATON - EDIFICIO B;S;96703051;SI
294;2024-02;BEAUXBATON;GH13487;210;S;DIURNO;57;55;14:15;15:35;VIERNES;2024-01-08;2024-12-30;102 (H);BEAUXBATON - EDIFICIO A;S;99522795;SI
295;2024-02;BEAUXBATON;GH13487;210;S;DIURNO;57;55;15:45;17:05;VIERNES;2024-01-08;2024-12-30;102 (H);BEAUXBATON - EDIFICIO A;S;99522795;SI
296;2024-02;BEAUXBATON;GH13487;210;S;DIURNO;57;55;17:15;18:35;VIERNES;2024-01-08;2024-12-30;102 (H);BEAUXBATON - EDIFICIO A;S;99522795;SI
297;2024-02;HOGWARTS;PH110086;15;S;DIURNO;52;0;12:45;14:05;MARTES;2024-01-08;2024-12-31;201 (EX 22);HOGWARTS - ;S;102372327;NO
298;2024-02;HOGWARTS;PH110086;20;S;VESPERTINO;10;0;17:55;19:30;LUNES;2024-01-08;2024-12-31;208;HOGWARTS - TORRE B;S;102372327;NO
299;2024-02;HOGWARTS;WH236008;20;S;DIURNO;30;13;14:15;15:35;JUEVES;2024-01-08;2024-12-30;303;HOGWARTS - ;S;103288372;NO
300;2024-02;HOGWARTS;WH236008;20;S;DIURNO;30;13;15:45;17:05;JUEVES;2024-01-08;2024-12-30;303;HOGWARTS - ;S;103288372;NO
301;2024-02;BEAUXBATON;WH236022;210;S;DIURNO;15;12;08:15;09:35;LUNES;2024-01-08;2024-12-30;Lab 1;BEAUXBATON - EDIFICIO A;S;105647119;SI
302;2024-02;BEAUXBATON;WH236022;210;S;DIURNO;15;12;09:45;11:05;LUNES;2024-01-08;2024-12-30;Lab 1;BEAUXBATON - EDIFICIO A;S;105647119;SI
303;2024-02;HOGWARTS;WH236037;10;S;DIURNO;10;7;09:45;11:05;MARTES;2024-01-08;2024-12-30;201;HOGWARTS - TORRE B;S;110515163;SI
304;2024-02;HOGWARTS;WH236037;10;S;DIURNO;10;7;11:15;12:35;MARTES;2024-01-08;2024-12-30;201;HOGWARTS - TORRE B;S;110515163;SI
305;2024-02;HOGWARTS;WH236037;40;S;DIURNO;10;5;14:15;15:35;VIERNES;2024-01-08;2024-12-30;204;HOGWARTS - TORRE B;S;110515163;SI
306;2024-02;HOGWARTS;WH236037;40;S;DIURNO;10;5;15:45;17:05;VIERNES;2024-01-08;2024-12-30;204;HOGWARTS - TORRE B;S;110515163;SI
307;2024-02;HOGWARTS;WH236037;30;S;DIURNO;10;10;09:45;11:05;VIERNES;2024-01-08;2024-12-30;205;HOGWARTS - TORRE D;S;110515163;SI
308;2024-02;HOGWARTS;WH236037;30;S;DIURNO;10;10;11:15;12:35;VIERNES;2024-01-08;2024-12-30;205;HOGWARTS - TORRE D;S;110515163;SI
309;2024-02;BEAUXBATON;HP14148;210;S;DIURNO;42;42;17:15;18:35;MIÉRCOLES;2024-01-08;2024-12-31;204;BEAUXBATON - EDIFICIO A;S;112542380;SI
310;2024-02;BEAUXBATON;HP14148;210;S;DIURNO;42;42;18:50;20:10;MIÉRCOLES;2024-01-08;2024-12-31;204;BEAUXBATON - EDIFICIO A;S;112542380;SI
311;2024-02;HOGWARTS;WH236020;10;S;DIURNO;30;11;09:45;11:05;LUNES;2024-01-08;2024-12-30;306;HOGWARTS - TORRE D;S;113455484;SI
312;2024-02;HOGWARTS;WH236020;10;S;DIURNO;30;11;11:15;12:35;LUNES;2024-01-08;2024-12-30;306;HOGWARTS - TORRE D;S;113455484;SI
313;2024-02;HOGWARTS;GH13486;20;S;VESPERTINO;40;17;18:50;20:10;MIÉRCOLES;2024-01-08;2024-12-30;205;HOGWARTS - TORRE B;S;114059711;SI
314;2024-02;HOGWARTS;GH13486;20;S;VESPERTINO;40;17;20:15;21:35;MIÉRCOLES;2024-01-08;2024-12-30;205;HOGWARTS - TORRE B;S;114059711;SI
315;2024-02;HOGWARTS;GH13486;20;S;VESPERTINO;40;17;21:40;23:00;MIÉRCOLES;2024-01-08;2024-12-30;205;HOGWARTS - TORRE B;S;114059711;SI
316;2024-02;HOGWARTS;GH23492;40;S;VESPERTINO;15;0;18:50;20:10;LUNES;2024-01-08;2024-12-30;204;HOGWARTS - TORRE B;S;114059711;SI
317;2024-02;HOGWARTS;GH23492;40;S;VESPERTINO;15;0;20:15;21:35;LUNES;2024-01-08;2024-12-30;204;HOGWARTS - TORRE B;S;114059711;SI
318;2024-02;HOGWARTS;GH23492;40;S;VESPERTINO;15;0;21:40;23:00;LUNES;2024-01-08;2024-12-30;204;HOGWARTS - TORRE B;S;114059711;SI
319;2024-02;HOGWARTS;GH24440;10;S;DIURNO;40;18;08:15;09:35;MARTES;2024-01-08;2024-12-30;311;HOGWARTS - TORRE B;S;114059711;SI
320;2024-02;HOGWARTS;GH24440;10;S;DIURNO;40;18;09:45;11:05;MARTES;2024-01-08;2024-12-30;311;HOGWARTS - TORRE B;S;114059711;SI
321;2024-02;HOGWARTS;GH24440;10;S;DIURNO;40;18;11:15;12:35;MARTES;2024-01-08;2024-12-30;311;HOGWARTS - TORRE B;S;114059711;SI
322;2024-02;HOGWARTS;WH233405;20;S;DIURNO;35;30;09:45;11:05;JUEVES;2024-01-08;2024-12-30;309;HOGWARTS - TORRE B;S;115757061;SI
323;2024-02;HOGWARTS;WH233405;20;S;DIURNO;35;30;11:15;12:35;JUEVES;2024-01-08;2024-12-30;309;HOGWARTS - TORRE B;S;115757061;SI
324;2024-02;HOGWARTS;WH236010;30;S;DIURNO;15;4;09:45;11:05;LUNES;2024-01-08;2024-12-30;204;HOGWARTS - TORRE B;S;115757061;SI
325;2024-02;HOGWARTS;WH236010;30;S;DIURNO;15;4;11:15;12:35;LUNES;2024-01-08;2024-12-30;204;HOGWARTS - TORRE B;S;115757061;SI
326;2024-02;HOGWARTS;WH236031;10;S;DIURNO;13;11;09:45;11:05;VIERNES;2024-01-08;2024-12-30;207;HOGWARTS - TORRE D;S;115757061;SI
327;2024-02;HOGWARTS;WH236031;10;S;DIURNO;13;11;11:15;12:35;VIERNES;2024-01-08;2024-12-30;207;HOGWARTS - TORRE D;S;115757061;SI
328;2024-02;HOGWARTS;WH23637;120;S;DIURNO;45;41;14:15;15:35;JUEVES;2024-01-08;2024-12-31;201 (EX 22);HOGWARTS - ;S;117871496;SI
329;2024-02;HOGWARTS;WH23637;120;S;DIURNO;45;41;15:45;17:05;JUEVES;2024-01-08;2024-12-31;201 (EX 22);HOGWARTS - ;S;117871496;SI
330;2024-02;HOGWARTS;WH23637;110;S;DIURNO;45;47;09:45;11:05;MARTES;2024-01-08;2024-12-31;213;HOGWARTS - TORRE B;S;117871496;SI
331;2024-02;HOGWARTS;WH23637;110;S;DIURNO;45;47;09:45;11:05;JUEVES;2024-01-08;2024-12-31;205;HOGWARTS - TORRE B;S;117871496;SI
332;2024-02;HOGWARTS;WH23639;70;S;DIURNO;41;40;11:15;12:35;LUNES;2024-01-08;2024-12-31;313;HOGWARTS - TORRE B;S;117871496;SI
333;2024-02;HOGWARTS;WH23639;70;S;DIURNO;41;40;11:15;12:35;MIÉRCOLES;2024-01-08;2024-12-31;318;HOGWARTS - TORRE B;S;117871496;SI
334;2024-02;HOGWARTS;WH23639;10;S;DIURNO;40;13;08:15;09:35;VIERNES;2024-01-08;2024-12-30;210 (H);HOGWARTS - TORRE D;S;117871496;SI
335;2024-02;HOGWARTS;WH23639;10;S;DIURNO;40;13;09:45;11:05;VIERNES;2024-01-08;2024-12-30;210 (H);HOGWARTS - TORRE D;S;117871496;SI
336;2024-02;BEAUXBATON;GH13490;210;S;DIURNO;35;24;14:15;15:35;MARTES;2024-01-08;2024-12-30;514;BEAUXBATON - EDIFICIO B;S;119234212;SI
337;2024-02;BEAUXBATON;GH13490;210;S;DIURNO;35;24;15:45;17:05;MARTES;2024-01-08;2024-12-30;514;BEAUXBATON - EDIFICIO B;S;119234212;SI
338;2024-02;BEAUXBATON;GH13490;210;S;DIURNO;35;24;17:15;18:35;MARTES;2024-01-08;2024-12-30;514;BEAUXBATON - EDIFICIO B;S;119234212;SI
339;2024-02;BEAUXBATON;GH13459;230;S;DIURNO;52;32;14:15;15:35;LUNES;2024-01-08;2024-12-30;104;BEAUXBATON - EDIFICIO A;S;122699188;SI
340;2024-02;BEAUXBATON;GH13459;230;S;DIURNO;52;32;15:45;17:05;LUNES;2024-01-08;2024-12-30;104;BEAUXBATON - EDIFICIO A;S;122699188;SI
341;2024-02;BEAUXBATON;GH13459;230;S;DIURNO;52;32;17:15;18:35;LUNES;2024-01-08;2024-12-30;104;BEAUXBATON - EDIFICIO A;S;122699188;SI
342;2024-02;BEAUXBATON;GH13459;220;S;DIURNO;55;55;14:15;15:35;VIERNES;2024-01-08;2024-12-30;301;BEAUXBATON - EDIFICIO B;S;122699188;SI
343;2024-02;BEAUXBATON;GH13459;220;S;DIURNO;55;55;15:45;17:05;VIERNES;2024-01-08;2024-12-30;301;BEAUXBATON - EDIFICIO B;S;122699188;SI
344;2024-02;BEAUXBATON;GH13459;220;S;DIURNO;55;55;17:15;18:35;VIERNES;2024-01-08;2024-12-30;301;BEAUXBATON - EDIFICIO B;S;122699188;SI
345;2024-02;HOGWARTS;GH23495;80;S;VESPERTINO;15;2;18:50;20:10;MARTES;2024-01-08;2024-12-30;206;HOGWARTS - TORRE B;S;124333098;SI
346;2024-02;HOGWARTS;GH23495;80;S;VESPERTINO;15;2;20:15;21:35;MARTES;2024-01-08;2024-12-30;206;HOGWARTS - TORRE B;S;124333098;SI
347;2024-02;HOGWARTS;GH23495;80;S;VESPERTINO;15;2;21:40;23:00;MARTES;2024-01-08;2024-12-30;206;HOGWARTS - TORRE B;S;124333098;SI
348;2024-02;HOGWARTS;GH13480;10;S;DIURNO;50;36;08:15;09:35;LUNES;2024-01-08;2024-12-30;AULA B (H);HOGWARTS - ;S;127037820;SI
349;2024-02;HOGWARTS;GH13480;10;S;DIURNO;50;36;09:45;11:05;LUNES;2024-01-08;2024-12-30;AULA B (H);HOGWARTS - ;S;127037820;SI
350;2024-02;HOGWARTS;GH13480;10;S;DIURNO;50;36;11:15;12:35;LUNES;2024-01-08;2024-12-30;AULA B (H);HOGWARTS - ;S;127037820;SI
351;2024-02;HOGWARTS;GH13486;10;S;DIURNO;70;27;14:15;15:35;MIÉRCOLES;2024-01-08;2024-12-30;AULA E;HOGWARTS - ;S;127037820;SI
352;2024-02;HOGWARTS;GH13486;10;S;DIURNO;70;27;15:45;17:05;MIÉRCOLES;2024-01-08;2024-12-30;AULA E;HOGWARTS - ;S;127037820;SI
353;2024-02;HOGWARTS;GH13486;10;S;DIURNO;70;27;17:15;18:35;MIÉRCOLES;2024-01-08;2024-12-30;AULA E;HOGWARTS - ;S;127037820;SI
354;2024-02;BEAUXBATON;GH13456;230;S;DIURNO;30;17;14:15;15:35;VIERNES;2024-01-08;2024-12-30;508;BEAUXBATON - EDIFICIO B;S;129008399;SI
355;2024-02;BEAUXBATON;GH13456;230;S;DIURNO;30;17;15:45;17:05;VIERNES;2024-01-08;2024-12-30;508;BEAUXBATON - EDIFICIO B;S;129008399;SI
356;2024-02;BEAUXBATON;GH13456;230;S;DIURNO;30;17;17:15;18:35;VIERNES;2024-01-08;2024-12-30;508;BEAUXBATON - EDIFICIO B;S;129008399;SI
357;2024-02;BEAUXBATON;GH23494;220;S;DIURNO;20;17;14:15;15:35;MARTES;2024-01-08;2024-12-31;401 (H);BEAUXBATON - EDIFICIO B;S;129008399;SI
358;2024-02;BEAUXBATON;GH23494;220;S;DIURNO;20;17;15:45;17:05;MARTES;2024-01-08;2024-12-31;401 (H);BEAUXBATON - EDIFICIO B;S;129008399;SI
359;2024-02;BEAUXBATON;GH23494;220;S;DIURNO;20;17;17:15;18:35;MARTES;2024-01-08;2024-12-31;401 (H);BEAUXBATON - EDIFICIO B;S;129008399;SI
360;2024-02;BEAUXBATON;WH236003;210;S;DIURNO;10;6;08:15;09:35;VIERNES;2024-01-08;2024-12-30;406;BEAUXBATON - EDIFICIO B;S;129025482;SI
361;2024-02;BEAUXBATON;WH236003;210;S;DIURNO;10;6;09:45;11:05;VIERNES;2024-01-08;2024-12-30;406;BEAUXBATON - EDIFICIO B;S;129025482;SI
362;2024-02;BEAUXBATON;WH236021;210;S;DIURNO;12;11;11:15;12:35;MIÉRCOLES;2024-01-08;2024-12-30;406;BEAUXBATON - EDIFICIO B;S;129025482;SI
363;2024-02;BEAUXBATON;WH236021;210;S;DIURNO;12;11;12:45;14:05;MIÉRCOLES;2024-01-08;2024-12-30;406;BEAUXBATON - EDIFICIO B;S;129025482;SI
364;2024-02;BEAUXBATON;WH236031;220;S;DIURNO;8;8;11:15;12:35;JUEVES;2024-01-08;2024-12-30;404;BEAUXBATON - EDIFICIO B;S;129025482;SI
365;2024-02;BEAUXBATON;WH236031;220;S;DIURNO;8;8;12:45;14:05;JUEVES;2024-01-08;2024-12-30;404;BEAUXBATON - EDIFICIO B;S;129025482;SI
366;2024-02;HOGWARTS;GH13458;10;S;DIURNO;70;70;14:15;15:35;MARTES;2024-01-08;2024-12-30;AULA C (H);HOGWARTS - ;S;129406030;SI
367;2024-02;HOGWARTS;GH13458;10;S;DIURNO;70;70;15:45;17:05;MARTES;2024-01-08;2024-12-30;AULA C (H);HOGWARTS - ;S;129406030;SI
368;2024-02;HOGWARTS;GH13458;10;S;DIURNO;70;70;17:15;18:35;MARTES;2024-01-08;2024-12-30;AULA C (H);HOGWARTS - ;S;129406030;SI
369;2024-02;HOGWARTS;GH13487;20;S;VESPERTINO;35;29;18:50;20:10;JUEVES;2024-01-08;2024-12-30;417;HOGWARTS - TORRE B;S;129406030;SI
370;2024-02;HOGWARTS;GH13487;20;S;VESPERTINO;35;29;20:15;21:35;JUEVES;2024-01-08;2024-12-30;417;HOGWARTS - TORRE B;S;129406030;SI
371;2024-02;HOGWARTS;GH13487;20;S;VESPERTINO;35;29;21:40;23:00;JUEVES;2024-01-08;2024-12-30;417;HOGWARTS - TORRE B;S;129406030;SI
372;2024-02;HOGWARTS;GH13490;20;S;VESPERTINO;40;10;18:50;20:10;MARTES;2024-01-08;2024-12-30;416;HOGWARTS - TORRE B;S;129519484;SI
373;2024-02;HOGWARTS;GH13490;20;S;VESPERTINO;40;10;20:15;21:35;MARTES;2024-01-08;2024-12-30;416;HOGWARTS - TORRE B;S;129519484;SI
374;2024-02;HOGWARTS;GH13490;20;S;VESPERTINO;40;10;21:40;23:00;MARTES;2024-01-08;2024-12-30;416;HOGWARTS - TORRE B;S;129519484;SI
375;2024-02;HOGWARTS;WH236009;20;S;DIURNO;30;30;09:45;11:05;JUEVES;2024-01-08;2024-12-30;417;HOGWARTS - TORRE B;S;129645558;SI
376;2024-02;HOGWARTS;WH236009;20;S;DIURNO;30;30;11:15;12:35;JUEVES;2024-01-08;2024-12-30;417;HOGWARTS - TORRE B;S;129645558;SI
377;2024-02;HOGWARTS;WH23637;60;S;DIURNO;44;40;14:15;15:35;JUEVES;2024-01-08;2024-12-30;310 (H);HOGWARTS - TORRE D;S;130689724;SI
378;2024-02;HOGWARTS;WH23637;60;S;DIURNO;44;40;15:45;17:05;JUEVES;2024-01-08;2024-12-30;310 (H);HOGWARTS - TORRE D;S;130689724;SI
379;2024-02;BEAUXBATON;PH110059;220;S;DIURNO;38;35;08:15;09:35;VIERNES;2024-01-08;2024-12-30;208;BEAUXBATON - EDIFICIO A;S;131635937;SI
380;2024-02;BEAUXBATON;PH110059;230;S;DIURNO;38;33;14:15;15:35;VIERNES;2024-01-08;2024-12-30;208;BEAUXBATON - EDIFICIO A;S;131635937;SI
381;2024-02;BEAUXBATON;PH110059;210;S;DIURNO;40;34;14:15;15:35;MIÉRCOLES;2024-01-08;2024-12-30;413 (H);BEAUXBATON - EDIFICIO B;S;131635937;SI
382;2024-02;HOGWARTS;GH13493;30;S;VESPERTINO;15;12;18:50;20:10;MIÉRCOLES;2024-01-08;2024-12-30;201;HOGWARTS - TORRE B;S;132723203;SI
383;2024-02;HOGWARTS;GH13493;30;S;VESPERTINO;15;12;20:15;21:35;MIÉRCOLES;2024-01-08;2024-12-30;201;HOGWARTS - TORRE B;S;132723203;SI
384;2024-02;HOGWARTS;GH13493;30;S;VESPERTINO;15;12;21:40;23:00;MIÉRCOLES;2024-01-08;2024-12-30;201;HOGWARTS - TORRE B;S;132723203;SI
385;2024-02;HOGWARTS;GH13493;20;S;DIURNO;20;7;08:15;09:35;MARTES;2024-01-08;2024-12-30;406;HOGWARTS - TORRE B;S;132723203;SI
386;2024-02;HOGWARTS;GH13493;20;S;DIURNO;20;7;09:45;11:05;MARTES;2024-01-08;2024-12-30;406;HOGWARTS - TORRE B;S;132723203;SI
387;2024-02;HOGWARTS;GH13493;20;S;DIURNO;20;7;11:15;12:35;MARTES;2024-01-08;2024-12-30;406;HOGWARTS - TORRE B;S;132723203;SI
388;2024-02;HOGWARTS;HW13977;30;S;VESPERTINO;40;14;18:50;20:10;VIERNES;2024-01-08;2024-12-30;210;HOGWARTS - TORRE B;S;132723203;SI
389;2024-02;HOGWARTS;HW13977;30;S;VESPERTINO;40;14;20:15;21:35;VIERNES;2024-01-08;2024-12-30;210;HOGWARTS - TORRE B;S;132723203;SI
390;2024-02;HOGWARTS;GH13469;30;S;VESPERTINO;30;12;18:50;20:10;JUEVES;2024-01-08;2024-12-30;216;HOGWARTS - TORRE B;S;134254541;SI
391;2024-02;HOGWARTS;GH13469;30;S;VESPERTINO;30;12;20:15;21:35;JUEVES;2024-01-08;2024-12-30;216;HOGWARTS - TORRE B;S;134254541;SI
392;2024-02;HOGWARTS;GH13469;30;S;VESPERTINO;30;12;21:40;23:00;JUEVES;2024-01-08;2024-12-30;216;HOGWARTS - TORRE B;S;134254541;SI
393;2024-02;BEAUXBATON;WH23637;230;S;DIURNO;40;40;15:45;17:05;MIÉRCOLES;2024-01-08;2024-12-30;410;BEAUXBATON - EDIFICIO B;S;134388880;SI
394;2024-02;BEAUXBATON;WH23637;230;S;DIURNO;40;40;17:15;18:35;MIÉRCOLES;2024-01-08;2024-12-30;410;BEAUXBATON - EDIFICIO B;S;134388880;SI
395;2024-02;BEAUXBATON;WH23637;295;S;DIURNO;20;20;11:15;12:35;MIÉRCOLES;2024-01-08;2024-12-30;504;BEAUXBATON - EDIFICIO B;S;134388880;SI
396;2024-02;BEAUXBATON;WH23637;295;S;DIURNO;20;20;12:45;14:05;MIÉRCOLES;2024-01-08;2024-12-30;504;BEAUXBATON - EDIFICIO B;S;134388880;SI
397;2024-02;BEAUXBATON;WH233410;250;S;DIURNO;20;18;17:15;18:35;MARTES;2024-01-08;2024-12-31;505;BEAUXBATON - EDIFICIO B;S;134388880;SI
398;2024-02;BEAUXBATON;WH233410;250;S;DIURNO;20;18;18:50;20:10;MARTES;2024-01-08;2024-12-31;505;BEAUXBATON - EDIFICIO B;S;134388880;SI
399;2024-02;BEAUXBATON;WH233410;230;S;DIURNO;47;47;11:15;12:35;MARTES;2024-01-08;2024-12-30;507 (H);BEAUXBATON - EDIFICIO B;S;134388880;SI
400;2024-02;BEAUXBATON;WH233410;230;S;DIURNO;47;47;12:45;14:05;MARTES;2024-01-08;2024-12-30;507 (H);BEAUXBATON - EDIFICIO B;S;134388880;SI
401;2024-02;HOGWARTS;GH13459;40;S;VESPERTINO;34;32;18:50;20:10;VIERNES;2024-01-08;2024-12-30;309;HOGWARTS - TORRE B;S;134450253;SI
402;2024-02;HOGWARTS;GH13459;40;S;VESPERTINO;34;32;20:15;21:35;VIERNES;2024-01-08;2024-12-30;309;HOGWARTS - TORRE B;S;134450253;SI
403;2024-02;HOGWARTS;GH13459;40;S;VESPERTINO;34;32;21:40;23:00;VIERNES;2024-01-08;2024-12-30;309;HOGWARTS - TORRE B;S;134450253;SI
404;2024-02;HOGWARTS;GH13459;30;S;DIURNO;75;63;08:15;09:35;LUNES;2024-01-08;2024-12-30;AULA E;HOGWARTS - ;S;134450253;SI
405;2024-02;HOGWARTS;GH13459;30;S;DIURNO;75;63;09:45;11:05;LUNES;2024-01-08;2024-12-30;AULA E;HOGWARTS - ;S;134450253;SI
406;2024-02;HOGWARTS;GH13459;30;S;DIURNO;75;63;11:15;12:35;LUNES;2024-01-08;2024-12-30;AULA E;HOGWARTS - ;S;134450253;SI
407;2024-02;HOGWARTS;GH13509;30;S;DIURNO;20;10;08:15;09:35;MIÉRCOLES;2024-01-08;2024-12-30;AULA D (H);HOGWARTS - ;S;136194663;SI
408;2024-02;HOGWARTS;GH13509;30;S;DIURNO;20;10;09:45;11:05;MIÉRCOLES;2024-01-08;2024-12-30;AULA D (H);HOGWARTS - ;S;136194663;SI
409;2024-02;HOGWARTS;GH13509;30;S;DIURNO;20;10;11:15;12:35;MIÉRCOLES;2024-01-08;2024-12-30;AULA D (H);HOGWARTS - ;S;136194663;SI
410;2024-02;HOGWARTS;GH13985;10;S;VESPERTINO;25;10;18:50;20:10;VIERNES;2024-01-08;2024-12-30;211;HOGWARTS - TORRE B;S;137062706;SI
411;2024-02;HOGWARTS;GH13985;10;S;VESPERTINO;25;10;20:15;21:35;VIERNES;2024-01-08;2024-12-30;211;HOGWARTS - TORRE B;S;137062706;SI
412;2024-02;HOGWARTS;HP24090;20;S;VESPERTINO;35;3;18:50;20:10;LUNES;2024-01-08;2024-12-30;210;HOGWARTS - TORRE B;S;137062706;SI
413;2024-02;HOGWARTS;HP24090;20;S;VESPERTINO;35;3;20:15;21:35;LUNES;2024-01-08;2024-12-30;210;HOGWARTS - TORRE B;S;137062706;SI
414;2024-02;HOGWARTS;HP14091;20;S;DIURNO;45;45;08:15;09:35;VIERNES;2024-01-08;2024-12-30;301 (H);HOGWARTS - ;S;137062706;SI
415;2024-02;HOGWARTS;HP14091;20;S;DIURNO;45;45;09:45;11:05;VIERNES;2024-01-08;2024-12-30;301 (H);HOGWARTS - ;S;137062706;SI
416;2024-02;HOGWARTS;GH14444;20;S;DIURNO;40;30;11:15;12:35;VIERNES;2024-01-08;2024-12-30;204;HOGWARTS - TORRE B;S;138033859;SI
417;2024-02;HOGWARTS;GH14444;20;S;DIURNO;40;30;12:45;14:05;VIERNES;2024-01-08;2024-12-30;204;HOGWARTS - TORRE B;S;138033859;SI
418;2024-02;HOGWARTS;WH13143;20;I;DIURNO;15;7;17:15;18:35;MARTES;2024-01-08;2024-12-30;202;HOGWARTS - TORRE B;S;6012;NO
419;2024-02;HOGWARTS;WH13143;20;I;DIURNO;15;7;18:50;20:10;MARTES;2024-01-08;2024-12-30;202;HOGWARTS - TORRE B;S;6012;NO
420;2024-02;HOGWARTS;WH13143;40;I;DIURNO;15;6;17:15;18:35;MARTES;2024-01-08;2024-12-30;401;HOGWARTS - TORRE B;S;6012;NO
421;2024-02;HOGWARTS;WH13143;40;I;DIURNO;15;6;18:50;20:10;MARTES;2024-01-08;2024-12-30;401;HOGWARTS - TORRE B;S;6012;NO
422;2024-02;HOGWARTS;GH13456;10;S;DIURNO;70;70;08:15;09:35;JUEVES;2024-01-08;2024-12-30;AULA A (H);HOGWARTS - ;S;4010;NO
423;2024-02;HOGWARTS;GH13456;10;S;DIURNO;70;70;09:45;11:05;JUEVES;2024-01-08;2024-12-30;AULA A (H);HOGWARTS - ;S;4010;NO
424;2024-02;HOGWARTS;GH13456;10;S;DIURNO;70;70;11:15;12:35;JUEVES;2024-01-08;2024-12-30;AULA A (H);HOGWARTS - ;S;4010;NO
425;2024-02;HOGWARTS;GH13456;40;S;VESPERTINO;35;35;18:50;20:10;MARTES;2024-01-08;2024-12-30;AULA E;HOGWARTS - ;S;4010;NO
426;2024-02;HOGWARTS;GH13456;40;S;VESPERTINO;35;35;20:15;21:35;MARTES;2024-01-08;2024-12-30;AULA E;HOGWARTS - ;S;4010;NO
427;2024-02;HOGWARTS;GH13456;40;S;VESPERTINO;35;35;21:40;23:00;MARTES;2024-01-08;2024-12-30;AULA E;HOGWARTS - ;S;4010;NO
428;2024-02;HOGWARTS;GH13456;20;S;DIURNO;70;64;08:15;09:35;JUEVES;2024-01-08;2024-12-30;AULA C (H);HOGWARTS - ;S;4010;NO
429;2024-02;HOGWARTS;GH13456;20;S;DIURNO;70;64;09:45;11:05;JUEVES;2024-01-08;2024-12-30;AULA C (H);HOGWARTS - ;S;4010;NO
430;2024-02;HOGWARTS;GH13456;20;S;DIURNO;70;64;11:15;12:35;JUEVES;2024-01-08;2024-12-30;AULA C (H);HOGWARTS - ;S;4010;NO
431;2024-02;BEAUXBATON;GH13456;210;S;DIURNO;40;40;14:15;15:35;MIÉRCOLES;2024-01-08;2024-12-30;102 (H);BEAUXBATON - EDIFICIO A;S;4010;NO
432;2024-02;BEAUXBATON;GH13456;210;S;DIURNO;40;40;15:45;17:05;MIÉRCOLES;2024-01-08;2024-12-30;102 (H);BEAUXBATON - EDIFICIO A;S;4010;NO
433;2024-02;BEAUXBATON;GH13456;210;S;DIURNO;40;40;17:15;18:35;MIÉRCOLES;2024-01-08;2024-12-30;102 (H);BEAUXBATON - EDIFICIO A;S;4010;NO
434;2024-02;BEAUXBATON;GH13456;220;S;DIURNO;52;52;14:15;15:35;JUEVES;2024-01-08;2024-12-30;102 (H);BEAUXBATON - EDIFICIO A;S;4010;NO
435;2024-02;BEAUXBATON;GH13456;220;S;DIURNO;52;52;15:45;17:05;JUEVES;2024-01-08;2024-12-30;102 (H);BEAUXBATON - EDIFICIO A;S;4010;NO
436;2024-02;BEAUXBATON;GH13456;220;S;DIURNO;52;52;17:15;18:35;JUEVES;2024-01-08;2024-12-30;102 (H);BEAUXBATON - EDIFICIO A;S;4010;NO
437;2024-02;HOGWARTS;GH13457;50;S;VESPERTINO;33;32;18:50;20:10;MIÉRCOLES;2024-01-08;2024-12-30;41;HOGWARTS - TORRE B;S;4010;NO
438;2024-02;HOGWARTS;GH13457;50;S;VESPERTINO;33;32;20:15;21:35;MIÉRCOLES;2024-01-08;2024-12-30;41;HOGWARTS - TORRE B;S;4010;NO
439;2024-02;HOGWARTS;GH13457;50;S;VESPERTINO;33;32;21:40;23:00;MIÉRCOLES;2024-01-08;2024-12-30;41;HOGWARTS - TORRE B;S;4010;NO
440;2024-02;HOGWARTS;GH13457;10;S;DIURNO;75;75;14:15;15:35;LUNES;2024-01-08;2024-12-30;AULA A (H);HOGWARTS - ;S;4010;NO
441;2024-02;HOGWARTS;GH13457;10;S;DIURNO;75;75;15:45;17:05;LUNES;2024-01-08;2024-12-30;AULA A (H);HOGWARTS - ;S;4010;NO
442;2024-02;HOGWARTS;GH13457;10;S;DIURNO;75;75;17:15;18:35;LUNES;2024-01-08;2024-12-30;AULA A (H);HOGWARTS - ;S;4010;NO
443;2024-02;BEAUXBATON;GH13457;220;S;DIURNO;40;32;08:15;09:35;MIÉRCOLES;2024-01-08;2024-12-30;508;BEAUXBATON - EDIFICIO B;S;4010;NO
444;2024-02;BEAUXBATON;GH13457;220;S;DIURNO;40;32;09:45;11:05;MIÉRCOLES;2024-01-08;2024-12-30;508;BEAUXBATON - EDIFICIO B;S;4010;NO
445;2024-02;BEAUXBATON;GH13457;220;S;DIURNO;40;32;11:15;12:35;MIÉRCOLES;2024-01-08;2024-12-30;508;BEAUXBATON - EDIFICIO B;S;4010;NO
446;2024-02;BEAUXBATON;GH13457;210;S;DIURNO;55;43;08:15;09:35;LUNES;2024-01-08;2024-12-30;102 (H);BEAUXBATON - EDIFICIO A;S;4010;NO
447;2024-02;BEAUXBATON;GH13457;210;S;DIURNO;55;43;09:45;11:05;LUNES;2024-01-08;2024-12-30;102 (H);BEAUXBATON - EDIFICIO A;S;4010;NO
448;2024-02;BEAUXBATON;GH13457;210;S;DIURNO;55;43;11:15;12:35;LUNES;2024-01-08;2024-12-30;102 (H);BEAUXBATON - EDIFICIO A;S;4010;NO
449;2024-02;BEAUXBATON;GH13457;230;S;DIURNO;55;42;14:15;15:35;MIÉRCOLES;2024-01-08;2024-12-30;104;BEAUXBATON - EDIFICIO A;S;4010;NO
450;2024-02;BEAUXBATON;GH13457;230;S;DIURNO;55;42;15:45;17:05;MIÉRCOLES;2024-01-08;2024-12-30;104;BEAUXBATON - EDIFICIO A;S;4010;NO
451;2024-02;BEAUXBATON;GH13457;230;S;DIURNO;55;42;17:15;18:35;MIÉRCOLES;2024-01-08;2024-12-30;104;BEAUXBATON - EDIFICIO A;S;4010;NO
452;2024-02;HOGWARTS;GH13457;20;S;DIURNO;75;63;14:15;15:35;MIÉRCOLES;2024-01-08;2024-12-30;AULA B (H);HOGWARTS - ;S;4010;NO
453;2024-02;HOGWARTS;GH13457;20;S;DIURNO;75;63;15:45;17:05;MIÉRCOLES;2024-01-08;2024-12-30;AULA B (H);HOGWARTS - ;S;4010;NO
454;2024-02;HOGWARTS;GH13457;20;S;DIURNO;75;63;17:15;18:35;MIÉRCOLES;2024-01-08;2024-12-30;AULA B (H);HOGWARTS - ;S;4010;NO
455;2024-02;HOGWARTS;GH13458;20;S;DIURNO;70;69;14:15;15:35;MARTES;2024-01-08;2024-12-30;AULA B (H);HOGWARTS - ;S;4010;NO
456;2024-02;HOGWARTS;GH13458;20;S;DIURNO;70;69;15:45;17:05;MARTES;2024-01-08;2024-12-30;AULA B (H);HOGWARTS - ;S;4010;NO
457;2024-02;HOGWARTS;GH13458;20;S;DIURNO;70;69;17:15;18:35;MARTES;2024-01-08;2024-12-30;AULA B (H);HOGWARTS - ;S;4010;NO
458;2024-02;BEAUXBATON;GH13459;210;S;DIURNO;50;49;14:15;15:35;LUNES;2024-01-08;2024-12-30;102 (H);BEAUXBATON - EDIFICIO A;S;4010;NO
459;2024-02;BEAUXBATON;GH13459;210;S;DIURNO;50;49;15:45;17:05;LUNES;2024-01-08;2024-12-30;102 (H);BEAUXBATON - EDIFICIO A;S;4010;NO
460;2024-02;BEAUXBATON;GH13459;210;S;DIURNO;50;49;17:15;18:35;LUNES;2024-01-08;2024-12-30;102 (H);BEAUXBATON - EDIFICIO A;S;4010;NO
461;2024-02;BEAUXBATON;GH13462;210;S;DIURNO;40;32;14:15;15:35;JUEVES;2024-01-08;2024-12-30;401 (H);BEAUXBATON - EDIFICIO B;S;4010;NO
462;2024-02;BEAUXBATON;GH13462;210;S;DIURNO;40;32;15:45;17:05;JUEVES;2024-01-08;2024-12-30;401 (H);BEAUXBATON - EDIFICIO B;S;4010;NO
463;2024-02;BEAUXBATON;GH13462;210;S;DIURNO;40;32;17:15;18:35;JUEVES;2024-01-08;2024-12-30;401 (H);BEAUXBATON - EDIFICIO B;S;4010;NO
464;2024-02;BEAUXBATON;GH13463;210;S;DIURNO;55;16;14:15;15:35;MIÉRCOLES;2024-01-08;2024-12-30;513 (H);BEAUXBATON - EDIFICIO B;;4010;NO
465;2024-02;BEAUXBATON;GH13463;210;S;DIURNO;55;16;15:45;17:05;MIÉRCOLES;2024-01-08;2024-12-30;513 (H);BEAUXBATON - EDIFICIO B;;4010;NO
466;2024-02;BEAUXBATON;GH13463;210;S;DIURNO;55;16;17:15;18:35;MIÉRCOLES;2024-01-08;2024-12-30;513 (H);BEAUXBATON - EDIFICIO B;;4010;NO
467;2024-02;HOGWARTS;GH13467;10;S;DIURNO;70;64;08:15;09:35;JUEVES;2024-01-08;2024-12-30;AULA B (H);HOGWARTS - ;S;4010;NO
468;2024-02;HOGWARTS;GH13467;10;S;DIURNO;70;64;09:45;11:05;JUEVES;2024-01-08;2024-12-30;AULA B (H);HOGWARTS - ;S;4010;NO
469;2024-02;HOGWARTS;GH13467;10;S;DIURNO;70;64;11:15;12:35;JUEVES;2024-01-08;2024-12-30;AULA B (H);HOGWARTS - ;S;4010;NO
470;2024-02;HOGWARTS;GH13468;20;S;DIURNO;59;57;08:15;09:35;MARTES;2024-01-08;2024-12-30;AULA C (H);HOGWARTS - ;S;4010;NO
471;2024-02;HOGWARTS;GH13468;20;S;DIURNO;59;57;09:45;11:05;MARTES;2024-01-08;2024-12-30;AULA C (H);HOGWARTS - ;S;4010;NO
472;2024-02;HOGWARTS;GH13468;20;S;DIURNO;59;57;11:15;12:35;MARTES;2024-01-08;2024-12-30;AULA C (H);HOGWARTS - ;S;4010;NO
473;2024-02;BEAUXBATON;GH13468;220;S;DIURNO;25;4;14:15;15:35;LUNES;2024-01-08;2024-12-30;503;BEAUXBATON - EDIFICIO B;;4010;NO
474;2024-02;BEAUXBATON;GH13468;220;S;DIURNO;25;4;15:45;17:05;LUNES;2024-01-08;2024-12-30;503;BEAUXBATON - EDIFICIO B;;4010;NO
475;2024-02;BEAUXBATON;GH13468;220;S;DIURNO;25;4;17:15;18:35;LUNES;2024-01-08;2024-12-30;503;BEAUXBATON - EDIFICIO B;;4010;NO
476;2024-02;HOGWARTS;GH13469;40;S;VESPERTINO;30;17;18:50;20:10;JUEVES;2024-01-08;2024-12-30;212;HOGWARTS - TORRE B;S;4010;NO
477;2024-02;HOGWARTS;GH13469;40;S;VESPERTINO;30;17;20:15;21:35;JUEVES;2024-01-08;2024-12-30;212;HOGWARTS - TORRE B;S;4010;NO
478;2024-02;HOGWARTS;GH13469;40;S;VESPERTINO;30;17;21:40;23:00;JUEVES;2024-01-08;2024-12-30;212;HOGWARTS - TORRE B;S;4010;NO
479;2024-02;BEAUXBATON;GH13469;210;S;DIURNO;55;53;08:15;09:35;JUEVES;2024-01-08;2024-12-30;AUDITORIO 1 (H) -;BEAUXBATON - EDIFICIO A;S;4010;NO
480;2024-02;BEAUXBATON;GH13469;210;S;DIURNO;55;53;09:45;11:05;JUEVES;2024-01-08;2024-12-30;AUDITORIO 1 (H) -;BEAUXBATON - EDIFICIO A;S;4010;NO
481;2024-02;BEAUXBATON;GH13469;210;S;DIURNO;55;53;11:15;12:35;JUEVES;2024-01-08;2024-12-30;AUDITORIO 1 (H) -;BEAUXBATON - EDIFICIO A;S;4010;NO
482;2024-02;HOGWARTS;GH13469;20;S;DIURNO;65;55;14:15;15:35;MARTES;2024-01-08;2024-12-30;AULA A (H);HOGWARTS - ;S;4010;NO
483;2024-02;HOGWARTS;GH13469;20;S;DIURNO;65;55;15:45;17:05;MARTES;2024-01-08;2024-12-30;AULA A (H);HOGWARTS - ;S;4010;NO
484;2024-02;HOGWARTS;GH13469;20;S;DIURNO;65;55;17:15;18:35;MARTES;2024-01-08;2024-12-30;AULA A (H);HOGWARTS - ;S;4010;NO
485;2024-02;HOGWARTS;GH13470;10;S;DIURNO;80;73;14:15;15:35;MIÉRCOLES;2024-01-08;2024-12-30;AULA A (H);HOGWARTS - ;S;4010;NO
486;2024-02;HOGWARTS;GH13470;10;S;DIURNO;80;73;15:45;17:05;MIÉRCOLES;2024-01-08;2024-12-30;AULA A (H);HOGWARTS - ;S;4010;NO
487;2024-02;HOGWARTS;GH13470;10;S;DIURNO;80;73;17:15;18:35;MIÉRCOLES;2024-01-08;2024-12-30;AULA A (H);HOGWARTS - ;S;4010;NO
488;2024-02;BEAUXBATON;GH13470;220;S;DIURNO;38;20;14:15;15:35;VIERNES;2024-01-08;2024-12-30;206;BEAUXBATON - EDIFICIO A;S;4010;NO
489;2024-02;BEAUXBATON;GH13470;220;S;DIURNO;38;20;15:45;17:05;VIERNES;2024-01-08;2024-12-30;206;BEAUXBATON - EDIFICIO A;S;4010;NO
490;2024-02;BEAUXBATON;GH13470;220;S;DIURNO;38;20;17:15;18:35;VIERNES;2024-01-08;2024-12-30;206;BEAUXBATON - EDIFICIO A;S;4010;NO
491;2024-02;HOGWARTS;GH13470;30;S;VESPERTINO;49;49;18:50;20:10;LUNES;2024-01-08;2024-12-30;206;HOGWARTS - TORRE B;S;4010;NO
492;2024-02;HOGWARTS;GH13470;30;S;VESPERTINO;49;49;20:15;21:35;LUNES;2024-01-08;2024-12-30;206;HOGWARTS - TORRE B;S;4010;NO
493;2024-02;HOGWARTS;GH13470;30;S;VESPERTINO;49;49;21:40;23:00;LUNES;2024-01-08;2024-12-30;206;HOGWARTS - TORRE B;S;4010;NO
494;2024-02;HOGWARTS;GH13470;20;S;DIURNO;80;74;14:15;15:35;MIÉRCOLES;2024-01-08;2024-12-30;AULA C (H);HOGWARTS - ;S;4010;NO
495;2024-02;HOGWARTS;GH13470;20;S;DIURNO;80;74;15:45;17:05;MIÉRCOLES;2024-01-08;2024-12-30;AULA C (H);HOGWARTS - ;S;4010;NO
496;2024-02;HOGWARTS;GH13470;20;S;DIURNO;80;74;17:15;18:35;MIÉRCOLES;2024-01-08;2024-12-30;AULA C (H);HOGWARTS - ;S;4010;NO
497;2024-02;BEAUXBATON;GH13470;210;S;DIURNO;57;55;08:15;09:35;VIERNES;2024-01-08;2024-12-30;102 (H);BEAUXBATON - EDIFICIO A;S;4010;NO
498;2024-02;BEAUXBATON;GH13470;210;S;DIURNO;57;55;09:45;11:05;VIERNES;2024-01-08;2024-12-30;102 (H);BEAUXBATON - EDIFICIO A;S;4010;NO
499;2024-02;BEAUXBATON;GH13470;210;S;DIURNO;57;55;11:15;12:35;VIERNES;2024-01-08;2024-12-30;102 (H);BEAUXBATON - EDIFICIO A;S;4010;NO
500;2024-02;HOGWARTS;GH13479;20;S;VESPERTINO;46;44;18:50;20:10;MARTES;2024-01-08;2024-12-30;206;HOGWARTS - TORRE B;S;4010;NO
501;2024-02;HOGWARTS;GH13479;20;S;VESPERTINO;46;44;20:15;21:35;MARTES;2024-01-08;2024-12-30;206;HOGWARTS - TORRE B;S;4010;NO
502;2024-02;HOGWARTS;GH13479;20;S;VESPERTINO;46;44;21:40;23:00;MARTES;2024-01-08;2024-12-30;206;HOGWARTS - TORRE B;S;4010;NO
503;2024-02;HOGWARTS;GH13480;20;S;VESPERTINO;45;45;18:50;20:10;MIÉRCOLES;2024-01-08;2024-12-30;204;HOGWARTS - TORRE B;S;4010;NO
504;2024-02;HOGWARTS;GH13480;20;S;VESPERTINO;45;45;20:15;21:35;MIÉRCOLES;2024-01-08;2024-12-30;204;HOGWARTS - TORRE B;S;4010;NO
505;2024-02;HOGWARTS;GH13480;20;S;VESPERTINO;45;45;21:40;23:00;MIÉRCOLES;2024-01-08;2024-12-30;204;HOGWARTS - TORRE B;S;4010;NO
506;2024-02;HOGWARTS;GH13482;30;S;VESPERTINO;43;36;18:50;20:10;LUNES;2024-01-08;2024-12-30;417;HOGWARTS - TORRE B;S;4010;NO
507;2024-02;HOGWARTS;GH13482;30;S;VESPERTINO;43;36;20:15;21:35;LUNES;2024-01-08;2024-12-30;417;HOGWARTS - TORRE B;S;4010;NO
508;2024-02;HOGWARTS;GH13482;30;S;VESPERTINO;43;36;21:40;23:00;LUNES;2024-01-08;2024-12-30;417;HOGWARTS - TORRE B;S;4010;NO
509;2024-02;HOGWARTS;GH13482;10;S;DIURNO;40;34;14:15;15:35;LUNES;2024-01-08;2024-12-30;409 (H);HOGWARTS - TORRE B;S;4010;NO
510;2024-02;HOGWARTS;GH13482;10;S;DIURNO;40;34;15:45;17:05;LUNES;2024-01-08;2024-12-30;9 (H);HOGWARTS - TORRE B;S;4010;NO
511;2024-02;HOGWARTS;GH13482;10;S;DIURNO;40;34;17:15;18:35;LUNES;2024-01-08;2024-12-30;9 (H);HOGWARTS - TORRE B;S;4010;NO
512;2024-02;HOGWARTS;GH13482;20;S;DIURNO;40;37;14:15;15:35;LUNES;2024-01-08;2024-12-30;411;HOGWARTS - TORRE B;S;4010;NO
513;2024-02;HOGWARTS;GH13482;20;S;DIURNO;40;37;15:45;17:05;LUNES;2024-01-08;2024-12-30;411;HOGWARTS - TORRE B;S;4010;NO
514;2024-02;HOGWARTS;GH13482;20;S;DIURNO;40;37;17:15;18:35;LUNES;2024-01-08;2024-12-30;411;HOGWARTS - TORRE B;S;4010;NO
515;2024-02;BEAUXBATON;GH13482;220;S;DIURNO;28;23;15:45;17:05;JUEVES;2024-01-08;2024-12-30;512;BEAUXBATON - EDIFICIO B;S;4010;NO
516;2024-02;BEAUXBATON;GH13482;220;S;DIURNO;28;23;17:15;18:35;JUEVES;2024-01-08;2024-12-30;512;BEAUXBATON - EDIFICIO B;S;4010;NO
517;2024-02;BEAUXBATON;GH13482;220;S;DIURNO;28;23;18:50;20:10;JUEVES;2024-01-08;2024-12-30;512;BEAUXBATON - EDIFICIO B;S;4010;NO
518;2024-02;BEAUXBATON;GH13482;210;S;DIURNO;31;29;08:15;09:35;LUNES;2024-01-08;2024-12-30;104;BEAUXBATON - EDIFICIO A;S;4010;NO
519;2024-02;BEAUXBATON;GH13482;210;S;DIURNO;31;29;09:45;11:05;LUNES;2024-01-08;2024-12-30;104;BEAUXBATON - EDIFICIO A;S;4010;NO
520;2024-02;BEAUXBATON;GH13482;210;S;DIURNO;31;29;11:15;12:35;LUNES;2024-01-08;2024-12-30;104;BEAUXBATON - EDIFICIO A;S;4010;NO
521;2024-02;BEAUXBATON;GH13486;210;S;DIURNO;25;6;14:15;15:35;MIÉRCOLES;2024-01-08;2024-12-30;501;BEAUXBATON - EDIFICIO B;;4010;NO
522;2024-02;BEAUXBATON;GH13486;210;S;DIURNO;25;6;15:45;17:05;MIÉRCOLES;2024-01-08;2024-12-30;501;BEAUXBATON - EDIFICIO B;;4010;NO
523;2024-02;BEAUXBATON;GH13486;210;S;DIURNO;25;6;17:15;18:35;MIÉRCOLES;2024-01-08;2024-12-30;501;BEAUXBATON - EDIFICIO B;;4010;NO
524;2024-02;HOGWARTS;GH13489;20;S;VESPERTINO;40;38;18:50;20:10;LUNES;2024-01-08;2024-12-30;412;HOGWARTS - TORRE B;S;4010;NO
525;2024-02;HOGWARTS;GH13489;20;S;VESPERTINO;40;38;20:15;21:35;LUNES;2024-01-08;2024-12-30;412;HOGWARTS - TORRE B;S;4010;NO
526;2024-02;HOGWARTS;GH13489;20;S;VESPERTINO;40;38;21:40;23:00;LUNES;2024-01-08;2024-12-30;412;HOGWARTS - TORRE B;S;4010;NO
527;2024-02;BEAUXBATON;GH13489;220;S;DIURNO;27;26;14:15;15:35;VIERNES;2024-01-08;2024-12-31;402;BEAUXBATON - EDIFICIO B;S;4010;NO
528;2024-02;BEAUXBATON;GH13489;220;S;DIURNO;27;26;15:45;17:05;VIERNES;2024-01-08;2024-12-31;402;BEAUXBATON - EDIFICIO B;S;4010;NO
529;2024-02;BEAUXBATON;GH13489;220;S;DIURNO;27;26;17:15;18:35;VIERNES;2024-01-08;2024-12-31;402;BEAUXBATON - EDIFICIO B;S;4010;NO
530;2024-02;HOGWARTS;GH13490;10;S;DIURNO;56;54;14:15;15:35;MARTES;2024-01-08;2024-12-30;305 (H);HOGWARTS - ;S;4010;NO
531;2024-02;HOGWARTS;GH13490;10;S;DIURNO;56;54;15:45;17:05;MARTES;2024-01-08;2024-12-30;305 (H);HOGWARTS - ;S;4010;NO
532;2024-02;HOGWARTS;GH13490;10;S;DIURNO;56;54;17:15;18:35;MARTES;2024-01-08;2024-12-30;305 (H);HOGWARTS - ;S;4010;NO
533;2024-02;HOGWARTS;GH13491;10;S;DIURNO;53;50;08:15;09:35;MARTES;2024-01-08;2024-12-30;AULA D (H);HOGWARTS - ;S;4010;NO
534;2024-02;HOGWARTS;GH13491;10;S;DIURNO;53;50;09:45;11:05;MARTES;2024-01-08;2024-12-30;AULA D (H);HOGWARTS - ;S;4010;NO
535;2024-02;HOGWARTS;GH13491;10;S;DIURNO;53;50;11:15;12:35;MARTES;2024-01-08;2024-12-30;AULA D (H);HOGWARTS - ;S;4010;NO
536;2024-02;HOGWARTS;GH13491;20;S;VESPERTINO;50;49;18:50;20:10;VIERNES;2024-01-08;2024-12-30;317;HOGWARTS - TORRE B;S;4010;NO
537;2024-02;HOGWARTS;GH13491;20;S;VESPERTINO;50;49;20:15;21:35;VIERNES;2024-01-08;2024-12-30;317;HOGWARTS - TORRE B;S;4010;NO
538;2024-02;HOGWARTS;GH13491;20;S;VESPERTINO;50;49;21:40;23:00;VIERNES;2024-01-08;2024-12-30;317;HOGWARTS - TORRE B;S;4010;NO
539;2024-02;BEAUXBATON;GH13491;210;S;DIURNO;40;34;08:15;09:35;JUEVES;2024-01-08;2024-12-30;204;BEAUXBATON - EDIFICIO A;S;4010;NO
540;2024-02;BEAUXBATON;GH13491;210;S;DIURNO;40;34;09:45;11:05;JUEVES;2024-01-08;2024-12-30;204;BEAUXBATON - EDIFICIO A;S;4010;NO
541;2024-02;BEAUXBATON;GH13491;210;S;DIURNO;40;34;11:15;12:35;JUEVES;2024-01-08;2024-12-30;204;BEAUXBATON - EDIFICIO A;S;4010;NO
542;2024-02;HOGWARTS;GH13493;40;S;VESPERTINO;15;4;18:50;20:10;MIÉRCOLES;2024-01-08;2024-12-30;202;HOGWARTS - TORRE B;S;4010;NO
543;2024-02;HOGWARTS;GH13493;40;S;VESPERTINO;15;4;20:15;21:35;MIÉRCOLES;2024-01-08;2024-12-30;202;HOGWARTS - TORRE B;S;4010;NO
544;2024-02;HOGWARTS;GH13493;40;S;VESPERTINO;15;4;21:40;23:00;MIÉRCOLES;2024-01-08;2024-12-30;202;HOGWARTS - TORRE B;S;4010;NO
545;2024-02;HOGWARTS;GH13493;10;S;DIURNO;20;7;08:15;09:35;MARTES;2024-01-08;2024-12-30;405;HOGWARTS - TORRE B;S;4010;NO
546;2024-02;HOGWARTS;GH13493;10;S;DIURNO;20;7;09:45;11:05;MARTES;2024-01-08;2024-12-30;405;HOGWARTS - TORRE B;S;4010;NO
547;2024-02;HOGWARTS;GH13493;10;S;DIURNO;20;7;11:15;12:35;MARTES;2024-01-08;2024-12-30;405;HOGWARTS - TORRE B;S;4010;NO
548;2024-02;BEAUXBATON;GH23494;210;S;DIURNO;20;18;09:45;11:05;MIÉRCOLES;2024-01-08;2024-12-31;501;BEAUXBATON - EDIFICIO B;S;4010;NO
549;2024-02;BEAUXBATON;GH23494;210;S;DIURNO;20;18;11:15;12:35;MIÉRCOLES;2024-01-08;2024-12-31;501;BEAUXBATON - EDIFICIO B;S;4010;NO
550;2024-02;BEAUXBATON;GH23494;210;S;DIURNO;20;18;12:45;14:05;MIÉRCOLES;2024-01-08;2024-12-31;501;BEAUXBATON - EDIFICIO B;S;4010;NO
551;2024-02;HOGWARTS;GH23494;40;S;VESPERTINO;15;13;18:50;20:10;VIERNES;2024-01-08;2024-12-30;212;HOGWARTS - TORRE B;S;4010;NO
552;2024-02;HOGWARTS;GH23494;40;S;VESPERTINO;15;13;20:15;21:35;VIERNES;2024-01-08;2024-12-30;212;HOGWARTS - TORRE B;S;4010;NO
553;2024-02;HOGWARTS;GH23494;40;S;VESPERTINO;15;13;21:40;23:00;VIERNES;2024-01-08;2024-12-30;212;HOGWARTS - TORRE B;S;4010;NO
554;2024-02;HOGWARTS;GH23495;30;S;DIURNO;20;13;08:15;09:35;MARTES;2024-01-08;2024-12-30;208;HOGWARTS - TORRE D;S;4010;NO
555;2024-02;HOGWARTS;GH23495;30;S;DIURNO;20;13;09:45;11:05;MARTES;2024-01-08;2024-12-30;208;HOGWARTS - TORRE D;S;4010;NO
556;2024-02;HOGWARTS;GH23495;30;S;DIURNO;20;13;11:15;12:35;MARTES;2024-01-08;2024-12-30;208;HOGWARTS - TORRE D;S;4010;NO
557;2024-02;HOGWARTS;GH23495;20;S;DIURNO;20;3;08:15;09:35;MARTES;2024-01-08;2024-12-30;206;HOGWARTS - TORRE D;S;4010;NO
558;2024-02;HOGWARTS;GH23495;20;S;DIURNO;20;3;09:45;11:05;MARTES;2024-01-08;2024-12-30;206;HOGWARTS - TORRE D;S;4010;NO
559;2024-02;HOGWARTS;GH23495;20;S;DIURNO;20;3;11:15;12:35;MARTES;2024-01-08;2024-12-30;206;HOGWARTS - TORRE D;S;4010;NO
560;2024-02;BEAUXBATON;GH23495;210;S;DIURNO;30;30;14:15;15:35;VIERNES;2024-01-08;2024-12-30;205;BEAUXBATON - EDIFICIO A;S;4010;NO
561;2024-02;BEAUXBATON;GH23495;210;S;DIURNO;30;30;15:45;17:05;VIERNES;2024-01-08;2024-12-30;205;BEAUXBATON - EDIFICIO A;S;4010;NO
562;2024-02;BEAUXBATON;GH23495;210;S;DIURNO;30;30;17:15;18:35;VIERNES;2024-01-08;2024-12-30;205;BEAUXBATON - EDIFICIO A;S;4010;NO
563;2024-02;HOGWARTS;GH23495;60;S;VESPERTINO;16;7;18:50;20:10;MARTES;2024-01-08;2024-12-30;203;HOGWARTS - TORRE B;S;4010;NO
564;2024-02;HOGWARTS;GH23495;60;S;VESPERTINO;16;7;20:15;21:35;MARTES;2024-01-08;2024-12-30;203;HOGWARTS - TORRE B;S;4010;NO
565;2024-02;HOGWARTS;GH23495;60;S;VESPERTINO;16;7;21:40;23:00;MARTES;2024-01-08;2024-12-30;203;HOGWARTS - TORRE B;S;4010;NO
566;2024-02;HOGWARTS;GH23495;50;S;VESPERTINO;15;5;18:50;20:10;MARTES;2024-01-08;2024-12-30;205;HOGWARTS - TORRE B;S;4010;NO
567;2024-02;HOGWARTS;GH23495;50;S;VESPERTINO;15;5;20:15;21:35;MARTES;2024-01-08;2024-12-30;205;HOGWARTS - TORRE B;S;4010;NO
568;2024-02;HOGWARTS;GH23495;50;S;VESPERTINO;15;5;21:40;23:00;MARTES;2024-01-08;2024-12-30;205;HOGWARTS - TORRE B;S;4010;NO
569;2024-02;BEAUXBATON;GH13509;210;S;DIURNO;40;26;08:15;09:35;MIÉRCOLES;2024-01-08;2024-12-30;102 (H);BEAUXBATON - EDIFICIO A;S;4010;NO
570;2024-02;BEAUXBATON;GH13509;210;S;DIURNO;40;26;09:45;11:05;MIÉRCOLES;2024-01-08;2024-12-30;102 (H);BEAUXBATON - EDIFICIO A;S;4010;NO
571;2024-02;BEAUXBATON;GH13509;210;S;DIURNO;40;26;11:15;12:35;MIÉRCOLES;2024-01-08;2024-12-30;102 (H);BEAUXBATON - EDIFICIO A;S;4010;NO
572;2024-02;HOGWARTS;GH13509;60;S;VESPERTINO;15;10;18:50;20:10;JUEVES;2024-01-08;2024-12-30;404;HOGWARTS - TORRE B;S;4010;NO
573;2024-02;HOGWARTS;GH13509;60;S;VESPERTINO;15;10;20:15;21:35;JUEVES;2024-01-08;2024-12-30;404;HOGWARTS - TORRE B;S;4010;NO
574;2024-02;HOGWARTS;GH13509;60;S;VESPERTINO;15;10;21:40;23:00;JUEVES;2024-01-08;2024-12-30;404;HOGWARTS - TORRE B;S;4010;NO
575;2024-02;BEAUXBATON;GH13509;220;S;DIURNO;25;19;14:15;15:35;LUNES;2024-01-08;2024-12-30;404;BEAUXBATON - EDIFICIO B;S;4010;NO
576;2024-02;BEAUXBATON;GH13509;220;S;DIURNO;25;19;15:45;17:05;LUNES;2024-01-08;2024-12-30;404;BEAUXBATON - EDIFICIO B;S;4010;NO
577;2024-02;BEAUXBATON;GH13509;220;S;DIURNO;25;19;17:15;18:35;LUNES;2024-01-08;2024-12-30;404;BEAUXBATON - EDIFICIO B;S;4010;NO
578;2024-02;HOGWARTS;GH13509;20;S;DIURNO;20;6;08:15;09:35;MIÉRCOLES;2024-01-08;2024-12-30;406;HOGWARTS - TORRE B;S;4010;NO
579;2024-02;HOGWARTS;GH13509;20;S;DIURNO;20;6;09:45;11:05;MIÉRCOLES;2024-01-08;2024-12-30;406;HOGWARTS - TORRE B;S;4010;NO
580;2024-02;HOGWARTS;GH13509;20;S;DIURNO;20;6;11:15;12:35;MIÉRCOLES;2024-01-08;2024-12-30;406;HOGWARTS - TORRE B;S;4010;NO
581;2024-02;HOGWARTS;GH13509;10;S;DIURNO;20;15;08:15;09:35;MIÉRCOLES;2024-01-08;2024-12-30;403;HOGWARTS - TORRE B;S;4010;NO
582;2024-02;HOGWARTS;GH13509;10;S;DIURNO;20;15;09:45;11:05;MIÉRCOLES;2024-01-08;2024-12-30;403;HOGWARTS - TORRE B;S;4010;NO
583;2024-02;HOGWARTS;GH13509;10;S;DIURNO;20;15;11:15;12:35;MIÉRCOLES;2024-01-08;2024-12-30;403;HOGWARTS - TORRE B;S;4010;NO
584;2024-02;HOGWARTS;WH23637;130;S;DIURNO;46;46;14:15;15:35;JUEVES;2024-01-08;2024-12-31;308 (H);HOGWARTS - ;S;9010;NO
585;2024-02;HOGWARTS;WH23637;130;S;DIURNO;46;46;15:45;17:05;JUEVES;2024-01-08;2024-12-31;308 (H);HOGWARTS - ;S;9010;NO
586;2024-02;HOGWARTS;WH23637;10;S;DIURNO;51;51;11:15;12:35;MARTES;2024-01-08;2024-12-30;201 (EX 22);HOGWARTS - ;S;9010;NO
587;2024-02;HOGWARTS;WH23637;90;S;DIURNO;45;45;09:45;11:05;JUEVES;2024-01-08;2024-12-30;213;HOGWARTS - TORRE B;S;9010;NO
588;2024-02;HOGWARTS;WH23637;90;S;DIURNO;45;45;09:45;11:05;MARTES;2024-01-08;2024-12-30;318;HOGWARTS - TORRE B;S;9010;NO
589;2024-02;HOGWARTS;WH23637;10;S;DIURNO;51;51;11:15;12:35;LUNES;2024-01-08;2024-12-30;201;HOGWARTS - TORRE D;S;9010;NO
590;2024-02;HOGWARTS;WH23637;20;S;DIURNO;50;50;11:15;12:35;LUNES;2024-01-08;2024-12-30;204;HOGWARTS - TORRE D;S;9010;NO
591;2024-02;HOGWARTS;WH23637;20;S;DIURNO;50;50;11:15;12:35;MARTES;2024-01-08;2024-12-30;204;HOGWARTS - TORRE D;S;9010;NO
592;2024-02;HOGWARTS;WH23637;80;S;DIURNO;38;35;08:15;09:35;JUEVES;2024-01-08;2024-12-30;309;HOGWARTS - TORRE B;S;9010;NO
593;2024-02;HOGWARTS;WH23637;80;S;DIURNO;38;35;08:15;09:35;VIERNES;2024-01-08;2024-12-30;309;HOGWARTS - TORRE B;S;9010;NO
594;2024-02;HOGWARTS;WH23637;100;S;DIURNO;45;35;09:45;11:05;MARTES;2024-01-08;2024-12-30;314;HOGWARTS - TORRE B;S;9010;NO
595;2024-02;HOGWARTS;WH23637;100;S;DIURNO;45;35;09:45;11:05;JUEVES;2024-01-08;2024-12-30;314;HOGWARTS - TORRE B;S;9010;NO
596;2024-02;HOGWARTS;WH23637;40;S;DIURNO;46;46;11:15;12:35;JUEVES;2024-01-08;2024-12-30;301;HOGWARTS - TORRE D;S;9010;NO
597;2024-02;HOGWARTS;WH23637;40;S;DIURNO;46;46;11:15;12:35;VIERNES;2024-01-08;2024-12-30;301;HOGWARTS - TORRE D;S;9010;NO
598;2024-02;HOGWARTS;WH23639;60;S;VESPERTINO;45;42;11:15;12:35;LUNES;2024-01-08;2024-12-30;308 (H);HOGWARTS - ;S;9010;NO
599;2024-02;HOGWARTS;WH23639;60;S;VESPERTINO;45;42;11:15;12:35;MIÉRCOLES;2024-01-08;2024-12-30;308 (H);HOGWARTS - ;S;9010;NO
600;2024-02;HOGWARTS;WH23639;40;S;DIURNO;40;30;14:15;15:35;JUEVES;2024-01-08;2024-12-30;206;HOGWARTS - TORRE B;S;9010;NO
601;2024-02;HOGWARTS;WH23639;40;S;DIURNO;40;30;15:45;17:05;JUEVES;2024-01-08;2024-12-30;206;HOGWARTS - TORRE B;S;9010;NO
602;2024-02;HOGWARTS;WH23639;90;S;DIURNO;23;23;15:45;17:05;JUEVES;2024-01-08;2024-12-31;408 (H);HOGWARTS - TORRE D;S;9010;NO
603;2024-02;HOGWARTS;WH23639;90;S;DIURNO;23;23;14:15;15:35;VIERNES;2024-01-08;2024-12-31;408 (H);HOGWARTS - TORRE D;S;9010;NO
604;2024-02;HOGWARTS;WH23639;80;S;DIURNO;44;44;14:15;15:35;MARTES;2024-01-08;2024-12-30;410;HOGWARTS - TORRE B;S;9010;NO
605;2024-02;HOGWARTS;WH23639;80;S;DIURNO;44;44;15:45;17:05;MARTES;2024-01-08;2024-12-30;410;HOGWARTS - TORRE B;S;9010;NO
606;2024-02;BEAUXBATON;WH23639;230;S;DIURNO;37;28;08:15;09:35;LUNES;2024-01-08;2024-12-30;203;BEAUXBATON - EDIFICIO A;S;9010;NO
607;2024-02;BEAUXBATON;WH23639;230;S;DIURNO;37;28;09:45;11:05;LUNES;2024-01-08;2024-12-30;203;BEAUXBATON - EDIFICIO A;S;9010;NO
608;2024-02;BEAUXBATON;WH23639;210;S;DIURNO;40;32;17:15;18:35;VIERNES;2024-01-08;2024-12-30;512;BEAUXBATON - EDIFICIO B;S;9010;NO
609;2024-02;BEAUXBATON;WH23639;210;S;DIURNO;40;32;17:15;18:35;MARTES;2024-01-08;2024-12-30;413 (H);BEAUXBATON - EDIFICIO B;S;9010;NO
610;2024-02;HOGWARTS;GH13880;10;S;VESPERTINO;35;32;11:15;12:35;SáBADO;2024-01-08;2024-12-30;212;HOGWARTS - TORRE B;S;4010;NO
611;2024-02;HOGWARTS;GH13880;10;S;VESPERTINO;35;32;12:45;14:05;SáBADO;2024-01-08;2024-12-30;212;HOGWARTS - TORRE B;S;4010;NO
612;2024-02;HOGWARTS;HW13977;20;S;DIURNO;42;41;11:15;12:35;VIERNES;2024-01-08;2024-12-30;414;HOGWARTS - TORRE B;S;4010;NO
613;2024-02;HOGWARTS;HW13977;20;S;DIURNO;42;41;12:45;14:05;VIERNES;2024-01-08;2024-12-30;414;HOGWARTS - TORRE B;S;4010;NO
614;2024-02;HOGWARTS;HP14091;30;S;VESPERTINO;36;36;18:50;20:10;LUNES;2024-01-08;2024-12-30;212;HOGWARTS - TORRE B;S;4010;NO
615;2024-02;HOGWARTS;HP14091;30;S;VESPERTINO;36;36;20:15;21:35;LUNES;2024-01-08;2024-12-30;212;HOGWARTS - TORRE B;S;4010;NO
616;2024-02;HOGWARTS;HP14091;10;S;DIURNO;47;47;08:15;09:35;VIERNES;2024-01-08;2024-12-30;210;HOGWARTS - TORRE D;S;4010;NO
617;2024-02;HOGWARTS;HP14091;10;S;DIURNO;47;47;09:45;11:05;VIERNES;2024-01-08;2024-12-30;210;HOGWARTS - TORRE D;S;4010;NO
618;2024-02;HOGWARTS;GH24440;20;S;VESPERTINO;30;8;18:50;20:10;MIÉRCOLES;2024-01-08;2024-12-30;310;HOGWARTS - TORRE B;S;4010;NO
619;2024-02;HOGWARTS;GH24440;20;S;VESPERTINO;30;8;20:15;21:35;MIÉRCOLES;2024-01-08;2024-12-30;310;HOGWARTS - TORRE B;S;4010;NO
620;2024-02;HOGWARTS;GH24440;20;S;VESPERTINO;30;8;21:40;23:00;MIÉRCOLES;2024-01-08;2024-12-30;310;HOGWARTS - TORRE B;S;4010;NO
621;2024-02;BEAUXBATON;GH24440;210;S;DIURNO;55;40;14:15;15:35;LUNES;2024-01-08;2024-12-30;AUDITORIO 2;BEAUXBATON - EDIFICIO A;S;4010;NO
622;2024-02;BEAUXBATON;GH24440;210;S;DIURNO;55;40;15:45;17:05;LUNES;2024-01-08;2024-12-30;AUDITORIO 2;BEAUXBATON - EDIFICIO A;S;4010;NO
623;2024-02;BEAUXBATON;GH24440;210;S;DIURNO;55;40;17:15;18:35;LUNES;2024-01-08;2024-12-30;AUDITORIO 2;BEAUXBATON - EDIFICIO A;S;4010;NO
624;2024-02;HOGWARTS;GH24441;10;S;DIURNO;40;22;14:15;15:35;JUEVES;2024-01-08;2024-12-30;AULA F;HOGWARTS - ;S;4010;NO
625;2024-02;HOGWARTS;GH24441;10;S;DIURNO;40;22;15:45;17:05;JUEVES;2024-01-08;2024-12-30;AULA F;HOGWARTS - ;S;4010;NO
626;2024-02;HOGWARTS;GH24442;20;S;VESPERTINO;40;18;18:50;20:10;MIÉRCOLES;2024-01-08;2024-12-30;213;HOGWARTS - TORRE B;S;4010;NO
627;2024-02;HOGWARTS;GH24442;20;S;VESPERTINO;40;18;20:15;21:35;MIÉRCOLES;2024-01-08;2024-12-30;213;HOGWARTS - TORRE B;S;4010;NO
628;2024-02;HOGWARTS;GH14444;40;S;VESPERTINO;15;6;18:50;20:10;LUNES;2024-01-08;2024-12-30;211;HOGWARTS - TORRE B;S;4010;NO
629;2024-02;HOGWARTS;GH14444;40;S;VESPERTINO;15;6;20:15;21:35;LUNES;2024-01-08;2024-12-30;211;HOGWARTS - TORRE B;S;4010;NO
630;2024-02;HOGWARTS;GH14444;30;S;VESPERTINO;21;17;18:50;20:10;LUNES;2024-01-08;2024-12-30;413;HOGWARTS - TORRE B;S;4010;NO
631;2024-02;HOGWARTS;GH14444;30;S;VESPERTINO;21;17;20:15;21:35;LUNES;2024-01-08;2024-12-30;413;HOGWARTS - TORRE B;S;4010;NO
632;2024-02;BEAUXBATON;GH14444;210;S;DIURNO;43;42;14:15;15:35;JUEVES;2024-01-08;2024-12-30;513 (H);BEAUXBATON - EDIFICIO B;S;4010;NO
633;2024-02;BEAUXBATON;GH14444;210;S;DIURNO;43;42;15:45;17:05;JUEVES;2024-01-08;2024-12-30;513 (H);BEAUXBATON - EDIFICIO B;S;4010;NO
634;2024-02;BEAUXBATON;GH14444;220;S;DIURNO;20;6;11:15;12:35;VIERNES;2024-01-08;2024-12-30;202;BEAUXBATON - EDIFICIO A;;4010;NO
635;2024-02;BEAUXBATON;GH14444;220;S;DIURNO;20;6;12:45;14:05;VIERNES;2024-01-08;2024-12-30;202;BEAUXBATON - EDIFICIO A;;4010;NO
636;2024-02;BEAUXBATON;HP14460;210;S;DIURNO;35;32;15:45;17:05;MIÉRCOLES;2024-01-08;2024-12-31;514;BEAUXBATON - EDIFICIO B;S;4010;NO
637;2024-02;BEAUXBATON;HP14460;210;S;DIURNO;35;32;17:15;18:35;MIÉRCOLES;2024-01-08;2024-12-31;514;BEAUXBATON - EDIFICIO B;S;4010;NO
638;2024-02;HOGWARTS;PH110059;50;S;DIURNO;37;37;14:15;15:35;JUEVES;2024-01-08;2024-12-31;210;HOGWARTS - TORRE B;S;8020;NO
639;2024-02;HOGWARTS;PH110059;20;S;DIURNO;41;41;15:45;17:05;LUNES;2024-01-08;2024-12-30;211;HOGWARTS - TORRE B;S;8020;NO
640;2024-02;HOGWARTS;PH110059;10;S;DIURNO;42;42;14:15;15:35;LUNES;2024-01-08;2024-12-30;204;HOGWARTS - TORRE B;S;8020;NO
641;2024-02;HOGWARTS;PH110086;85;S;DIURNO;20;0;14:15;15:35;MARTES;2024-01-08;2024-12-31;65;HOGWARTS - TORRE  II;S;8020;NO
642;2024-02;HOGWARTS;PH110086;5;S;DIURNO;11;0;11:15;12:35;JUEVES;2024-01-08;2024-12-31;63;HOGWARTS - TORRE  II;S;8020;NO
643;2024-02;HOGWARTS;PH110086;70;S;DIURNO;51;0;11:15;12:35;MIÉRCOLES;2024-01-08;2024-12-31;;;;8020;NO
644;2024-02;HOGWARTS;PH110086;80;S;DIURNO;31;0;14:15;15:35;MIÉRCOLES;2024-01-08;2024-12-31;;;;8020;NO
645;2024-02;HOGWARTS;WH233404;20;S;DIURNO;35;30;14:15;15:35;VIERNES;2024-01-08;2024-12-30;412;HOGWARTS - TORRE B;S;6012;NO
646;2024-02;HOGWARTS;WH233404;20;S;DIURNO;35;30;15:45;17:05;VIERNES;2024-01-08;2024-12-30;412;HOGWARTS - TORRE B;S;6012;NO
647;2024-02;HOGWARTS;WH233404;10;S;DIURNO;35;35;09:45;11:05;LUNES;2024-01-08;2024-12-30;203;HOGWARTS - TORRE D;S;6012;NO
648;2024-02;HOGWARTS;WH233404;10;S;DIURNO;35;35;11:15;12:35;LUNES;2024-01-08;2024-12-30;203;HOGWARTS - TORRE D;S;6012;NO
649;2024-02;BEAUXBATON;WH233404;210;S;DIURNO;35;29;08:15;09:35;LUNES;2024-01-08;2024-12-30;507 (H);BEAUXBATON - EDIFICIO B;S;6012;NO
650;2024-02;BEAUXBATON;WH233404;210;S;DIURNO;35;29;09:45;11:05;LUNES;2024-01-08;2024-12-30;507 (H);BEAUXBATON - EDIFICIO B;S;6012;NO
651;2024-02;BEAUXBATON;WH233405;210;S;DIURNO;30;25;08:15;09:35;MARTES;2024-01-08;2024-12-30;408 (H);BEAUXBATON - EDIFICIO B;S;6012;NO
652;2024-02;BEAUXBATON;WH233405;210;S;DIURNO;30;25;09:45;11:05;MARTES;2024-01-08;2024-12-30;408 (H);BEAUXBATON - EDIFICIO B;S;6012;NO
653;2024-02;HOGWARTS;WH233405;10;S;DIURNO;35;34;09:45;11:05;JUEVES;2024-01-08;2024-12-30;209 (H);HOGWARTS - TORRE B;S;6012;NO
654;2024-02;HOGWARTS;WH233405;10;S;DIURNO;35;34;11:15;12:35;JUEVES;2024-01-08;2024-12-30;209 (H);HOGWARTS - TORRE B;S;6012;NO
655;2024-02;HOGWARTS;WH233410;40;S;DIURNO;37;35;12:45;14:05;JUEVES;2024-01-08;2024-12-30;316;HOGWARTS - TORRE B;S;9010;NO
656;2024-02;HOGWARTS;WH233410;40;S;DIURNO;37;35;12:45;14:05;VIERNES;2024-01-08;2024-12-30;316;HOGWARTS - TORRE B;S;9010;NO
657;2024-02;HOGWARTS;WH233410;50;S;DIURNO;45;29;14:15;15:35;LUNES;2024-01-08;2024-12-30;415;HOGWARTS - TORRE B;S;9010;NO
658;2024-02;HOGWARTS;WH233410;50;S;DIURNO;45;29;15:45;17:05;LUNES;2024-01-08;2024-12-30;415;HOGWARTS - TORRE B;S;9010;NO
659;2024-02;HOGWARTS;WH233410;10;S;DIURNO;42;42;12:45;14:05;LUNES;2024-01-08;2024-12-30;204;HOGWARTS - TORRE D;S;9010;NO
660;2024-02;HOGWARTS;WH233410;10;S;DIURNO;42;42;12:45;14:05;MARTES;2024-01-08;2024-12-30;204;HOGWARTS - TORRE D;S;9010;NO
661;2024-02;HOGWARTS;WH233410;20;S;DIURNO;42;42;12:45;14:05;LUNES;2024-01-08;2024-12-30;308 (H);HOGWARTS - ;S;9010;NO
662;2024-02;HOGWARTS;WH233410;20;S;DIURNO;42;42;12:45;14:05;MARTES;2024-01-08;2024-12-30;308 (H);HOGWARTS - ;S;9010;NO
663;2024-02;BEAUXBATON;WH233410;220;S;DIURNO;46;46;11:15;12:35;MARTES;2024-01-08;2024-12-30;301;BEAUXBATON - EDIFICIO B;S;9010;NO
664;2024-02;BEAUXBATON;WH233410;220;S;DIURNO;46;46;12:45;14:05;MARTES;2024-01-08;2024-12-30;301;BEAUXBATON - EDIFICIO B;S;9010;NO
665;2024-02;BEAUXBATON;WH236002;210;S;DIURNO;30;25;11:15;12:35;MARTES;2024-01-08;2024-12-30;408 (H);BEAUXBATON - EDIFICIO B;S;6012;NO
666;2024-02;BEAUXBATON;WH236002;210;S;DIURNO;30;25;12:45;14:05;MARTES;2024-01-08;2024-12-30;408 (H);BEAUXBATON - EDIFICIO B;S;6012;NO
667;2024-02;BEAUXBATON;WH236003;230;S;DIURNO;10;10;08:15;09:35;JUEVES;2024-01-08;2024-12-30;410;BEAUXBATON - EDIFICIO B;S;6012;NO
668;2024-02;BEAUXBATON;WH236003;230;S;DIURNO;10;10;09:45;11:05;JUEVES;2024-01-08;2024-12-30;410;BEAUXBATON - EDIFICIO B;S;6012;NO
669;2024-02;HOGWARTS;WH236003;20;S;DIURNO;14;9;15:45;17:05;MIÉRCOLES;2024-01-08;2024-12-30;201;HOGWARTS - TORRE B;S;6012;NO
670;2024-02;HOGWARTS;WH236003;20;S;DIURNO;14;9;17:15;18:35;MIÉRCOLES;2024-01-08;2024-12-30;201;HOGWARTS - TORRE B;S;6012;NO
671;2024-02;HOGWARTS;WH236003;10;S;DIURNO;15;13;14:15;15:35;MARTES;2024-01-08;2024-12-30;412;HOGWARTS - TORRE B;S;6012;NO
672;2024-02;HOGWARTS;WH236003;10;S;DIURNO;15;13;15:45;17:05;MARTES;2024-01-08;2024-12-30;412;HOGWARTS - TORRE B;S;6012;NO
673;2024-02;HOGWARTS;WH236003;30;S;DIURNO;14;13;14:15;15:35;MARTES;2024-01-08;2024-12-30;416;HOGWARTS - TORRE B;S;6012;NO
674;2024-02;HOGWARTS;WH236003;30;S;DIURNO;14;13;15:45;17:05;MARTES;2024-01-08;2024-12-30;416;HOGWARTS - TORRE B;S;6012;NO
675;2024-02;BEAUXBATON;WH236008;210;S;DIURNO;32;26;14:15;15:35;MARTES;2024-01-08;2024-12-30;403;BEAUXBATON - EDIFICIO B;S;6012;NO
676;2024-02;BEAUXBATON;WH236008;210;S;DIURNO;32;26;15:45;17:05;MARTES;2024-01-08;2024-12-30;403;BEAUXBATON - EDIFICIO B;S;6012;NO
677;2024-02;HOGWARTS;WH236008;10;S;DIURNO;30;25;14:15;15:35;JUEVES;2024-01-08;2024-12-30;317;HOGWARTS - TORRE B;S;6012;NO
678;2024-02;HOGWARTS;WH236008;10;S;DIURNO;30;25;15:45;17:05;JUEVES;2024-01-08;2024-12-30;317;HOGWARTS - TORRE B;S;6012;NO
679;2024-02;HOGWARTS;WH236010;20;S;DIURNO;15;8;09:45;11:05;LUNES;2024-01-08;2024-12-30;302;HOGWARTS - TORRE B;S;6012;NO
680;2024-02;HOGWARTS;WH236010;20;S;DIURNO;15;8;11:15;12:35;LUNES;2024-01-08;2024-12-30;302;HOGWARTS - TORRE B;S;6012;NO
681;2024-02;HOGWARTS;WH236010;40;S;DIURNO;15;9;09:45;11:05;LUNES;2024-01-08;2024-12-30;205;HOGWARTS - TORRE B;S;6012;NO
682;2024-02;HOGWARTS;WH236010;40;S;DIURNO;15;9;11:15;12:35;LUNES;2024-01-08;2024-12-30;205;HOGWARTS - TORRE B;S;6012;NO
683;2024-02;HOGWARTS;WH236010;10;S;DIURNO;15;13;09:45;11:05;LUNES;2024-01-08;2024-12-30;304;HOGWARTS - TORRE B;S;6012;NO
684;2024-02;HOGWARTS;WH236010;10;S;DIURNO;15;13;11:15;12:35;LUNES;2024-01-08;2024-12-30;304;HOGWARTS - TORRE B;S;6012;NO
685;2024-02;BEAUXBATON;WH236010;210;S;DIURNO;10;10;14:15;15:35;MIÉRCOLES;2024-01-08;2024-12-30;404;BEAUXBATON - EDIFICIO B;S;6012;NO
686;2024-02;BEAUXBATON;WH236010;210;S;DIURNO;10;10;15:45;17:05;MIÉRCOLES;2024-01-08;2024-12-30;404;BEAUXBATON - EDIFICIO B;S;6012;NO
687;2024-02;BEAUXBATON;WH236010;230;S;DIURNO;10;8;17:15;18:35;MIÉRCOLES;2024-01-08;2024-12-31;404;BEAUXBATON - EDIFICIO B;S;6012;NO
688;2024-02;BEAUXBATON;WH236010;230;S;DIURNO;10;8;18:50;20:10;MIÉRCOLES;2024-01-08;2024-12-31;404;BEAUXBATON - EDIFICIO B;S;6012;NO
689;2024-02;BEAUXBATON;WH236011;210;S;DIURNO;32;26;14:15;15:35;JUEVES;2024-01-08;2024-12-30;Lab 1;BEAUXBATON - EDIFICIO A;S;6012;NO
690;2024-02;BEAUXBATON;WH236011;210;S;DIURNO;32;26;15:45;17:05;JUEVES;2024-01-08;2024-12-30;Lab 1;BEAUXBATON - EDIFICIO A;S;6012;NO
691;2024-02;HOGWARTS;WH236012;20;S;DIURNO;30;26;09:45;11:05;VIERNES;2024-01-08;2024-12-30;306;HOGWARTS - TORRE D;S;6012;NO
692;2024-02;HOGWARTS;WH236012;20;S;DIURNO;30;26;11:15;12:35;VIERNES;2024-01-08;2024-12-30;306;HOGWARTS - TORRE D;S;6012;NO
693;2024-02;BEAUXBATON;WH236012;210;S;DIURNO;32;25;14:15;15:35;VIERNES;2024-01-08;2024-12-30;506;BEAUXBATON - EDIFICIO B;S;6012;NO
694;2024-02;BEAUXBATON;WH236012;210;S;DIURNO;32;25;15:45;17:05;VIERNES;2024-01-08;2024-12-30;506;BEAUXBATON - EDIFICIO B;S;6012;NO
695;2024-02;HOGWARTS;WH236019;10;S;DIURNO;25;9;09:45;11:05;VIERNES;2024-01-08;2024-12-30;302;HOGWARTS - ;S;6012;NO
696;2024-02;HOGWARTS;WH236019;10;S;DIURNO;25;9;11:15;12:35;VIERNES;2024-01-08;2024-12-30;302;HOGWARTS - ;S;6012;NO
697;2024-02;BEAUXBATON;WH236020;210;S;DIURNO;15;13;08:15;09:35;MARTES;2024-01-08;2024-12-30;501;BEAUXBATON - EDIFICIO B;S;6012;NO
698;2024-02;BEAUXBATON;WH236020;210;S;DIURNO;15;13;09:45;11:05;MARTES;2024-01-08;2024-12-30;501;BEAUXBATON - EDIFICIO B;S;6012;NO
699;2024-02;BEAUXBATON;WH236024;210;S;DIURNO;15;13;11:15;12:35;MARTES;2024-01-08;2024-12-30;405;BEAUXBATON - EDIFICIO B;S;6012;NO
700;2024-02;BEAUXBATON;WH236024;210;S;DIURNO;15;13;12:45;14:05;MARTES;2024-01-08;2024-12-30;405;BEAUXBATON - EDIFICIO B;S;6012;NO
701;2024-02;HOGWARTS;WH236024;10;S;DIURNO;25;9;09:45;11:05;JUEVES;2024-01-08;2024-12-30;404;HOGWARTS - TORRE B;S;6012;NO
702;2024-02;HOGWARTS;WH236024;10;S;DIURNO;25;9;11:15;12:35;JUEVES;2024-01-08;2024-12-30;404;HOGWARTS - TORRE B;S;6012;NO
703;2024-02;BEAUXBATON;WH236030;210;S;DIURNO;17;14;08:15;09:35;MARTES;2024-01-08;2024-12-30;402;BEAUXBATON - EDIFICIO B;S;6012;NO
704;2024-02;BEAUXBATON;WH236030;210;S;DIURNO;17;14;09:45;11:05;MARTES;2024-01-08;2024-12-30;402;BEAUXBATON - EDIFICIO B;S;6012;NO
705;2024-02;HOGWARTS;WH236030;10;S;DIURNO;25;23;09:45;11:05;LUNES;2024-01-08;2024-12-30;208;HOGWARTS - TORRE D;S;6012;NO
706;2024-02;HOGWARTS;WH236030;10;S;DIURNO;25;23;11:15;12:35;LUNES;2024-01-08;2024-12-30;208;HOGWARTS - TORRE D;S;6012;NO
707;2024-02;BEAUXBATON;WH236031;210;S;DIURNO;8;6;11:15;12:35;JUEVES;2024-01-08;2024-12-30;402;BEAUXBATON - EDIFICIO B;S;6012;NO
708;2024-02;BEAUXBATON;WH236031;210;S;DIURNO;8;6;12:45;14:05;JUEVES;2024-01-08;2024-12-30;402;BEAUXBATON - EDIFICIO B;S;6012;NO
709;2024-02;HOGWARTS;WH236032;10;S;DIURNO;25;20;09:45;11:05;MARTES;2024-01-08;2024-12-30;303;HOGWARTS - TORRE D;S;6012;NO
710;2024-02;HOGWARTS;WH236032;10;S;DIURNO;25;20;11:15;12:35;MARTES;2024-01-08;2024-12-30;303;HOGWARTS - TORRE D;S;6012;NO
711;2024-02;BEAUXBATON;WH236033;210;S;DIURNO;17;16;08:15;09:35;MIÉRCOLES;2024-01-08;2024-12-30;407;BEAUXBATON - EDIFICIO B;S;6012;NO
712;2024-02;BEAUXBATON;WH236033;210;S;DIURNO;17;16;09:45;11:05;MIÉRCOLES;2024-01-08;2024-12-30;407;BEAUXBATON - EDIFICIO B;S;6012;NO
713;2024-02;HOGWARTS;WH236033;10;S;DIURNO;25;20;14:15;15:35;JUEVES;2024-01-08;2024-12-30;404;HOGWARTS - TORRE B;S;6012;NO
714;2024-02;HOGWARTS;WH236033;10;S;DIURNO;25;20;15:45;17:05;JUEVES;2024-01-08;2024-12-30;404;HOGWARTS - TORRE B;S;6012;NO
715;2024-02;BEAUXBATON;WH236036;220;S;DIURNO;8;8;14:15;15:35;MARTES;2024-01-08;2024-12-30;506;BEAUXBATON - EDIFICIO B;S;6012;NO
716;2024-02;BEAUXBATON;WH236036;220;S;DIURNO;8;8;15:45;17:05;MARTES;2024-01-08;2024-12-30;506;BEAUXBATON - EDIFICIO B;S;6012;NO
717;2024-02;HOGWARTS;WH236036;50;S;DIURNO;10;3;09:45;11:05;MIÉRCOLES;2024-01-08;2024-12-30;202;HOGWARTS - TORRE B;S;6012;NO
718;2024-02;HOGWARTS;WH236036;50;S;DIURNO;10;3;11:15;12:35;MIÉRCOLES;2024-01-08;2024-12-30;202;HOGWARTS - TORRE B;S;6012;NO
719;2024-02;BEAUXBATON;WH236036;210;S;DIURNO;8;7;14:15;15:35;JUEVES;2024-01-08;2024-12-30;NO NECESITA SALA;BEAUXBATON - EDIFICIO A;S;6012;NO
720;2024-02;BEAUXBATON;WH236036;210;S;DIURNO;8;7;15:45;17:05;JUEVES;2024-01-08;2024-12-30;NO NECESITA SALA;BEAUXBATON - EDIFICIO A;S;6012;NO
721;2024-02;HOGWARTS;WH236037;20;S;DIURNO;10;3;14:15;15:35;MARTES;2024-01-08;2024-12-30;204;HOGWARTS - TORRE B;S;6012;NO
722;2024-02;HOGWARTS;WH236037;20;S;DIURNO;10;3;15:45;17:05;MARTES;2024-01-08;2024-12-30;204;HOGWARTS - TORRE B;S;6012;NO
723;2024-02;BEAUXBATON;WH236037;210;S;DIURNO;8;8;14:15;15:35;LUNES;2024-01-08;2024-12-30;NO NECESITA SALA;BEAUXBATON - EDIFICIO A;S;6012;NO
724;2024-02;BEAUXBATON;WH236037;210;S;DIURNO;8;8;15:45;17:05;LUNES;2024-01-08;2024-12-30;NO NECESITA SALA;BEAUXBATON - EDIFICIO A;S;6012;NO
725;2024-02;BEAUXBATON;WH236037;220;S;DIURNO;8;5;14:15;15:35;VIERNES;2024-01-08;2024-12-30;NO NECESITA SALA;BEAUXBATON - EDIFICIO A;S;6012;NO
726;2024-02;BEAUXBATON;WH236037;220;S;DIURNO;8;5;15:45;17:05;VIERNES;2024-01-08;2024-12-30;NO NECESITA SALA;BEAUXBATON - EDIFICIO A;S;6012;NO
