1;2024-02;HOGWARTS;PH110086;75;S;DIURNO;31;0;11:15;12:35;MIÉRCOLES;2024-01-08;2024-12-31;Lab1;HOGWARTS - ;S;8020;NO
2;2024-02;HOGWARTS;PH110086;50;S;DIURNO;26;0;15:45;17:05;JUEVES;2024-01-08;2024-12-31;22;HOGWARTS - TORRE  II;S;8020;NO
3;2024-02;HOGWARTS;PH110086;30;S;DIURNO;13;0;09:45;11:05;MIÉRCOLES;2024-01-08;2024-12-31; 305 (H);HOGWARTS - TORRE  I;S;8020;NO
4;2024-02;HOGWARTS;PH110086;35;S;DIURNO;10;0;11:15;12:35;JUEVES;2024-01-08;2024-12-31;44;HOGWARTS - TORRE  II;S;8020;NO
5;2024-02;HOGWARTS;PH110086;45;S;DIURNO;9;0;14:15;15:35;MARTES;2024-01-08;2024-12-31;56;HOGWARTS - TORRE  II;S;8020;NO
6;2024-02;HOGWARTS;PH110086;10;S;DIURNO;46;0;12:45;14:05;MARTES;2024-01-08;2024-12-31;315;HOGWARTS - TORRE B;S;8020;NO
7;2024-02;BEAUXBATON;GH13458;230;S;DIURNO;57;57;09:45;11:05;JUEVES;2024-01-08;2024-12-30;102 (H);BEAUXBATON - EDIFICIO A;S;4010;NO
8;2024-02;BEAUXBATON;GH13458;230;S;DIURNO;57;57;11:15;12:35;JUEVES;2024-01-08;2024-12-30;102 (H);BEAUXBATON - EDIFICIO A;S;4010;NO
9;2024-02;BEAUXBATON;GH13458;230;S;DIURNO;57;57;12:45;14:05;JUEVES;2024-01-08;2024-12-30;102 (H);BEAUXBATON - EDIFICIO A;S;4010;NO
10;2024-02;BEAUXBATON;GH24441;210;S;DIURNO;30;23;15:45;17:05;LUNES;2024-01-08;2024-12-30;401 (H);BEAUXBATON - EDIFICIO B;S;4010;NO
11;2024-02;BEAUXBATON;GH24441;210;S;DIURNO;30;23;17:15;18:35;LUNES;2024-01-08;2024-12-30;401 (H);BEAUXBATON - EDIFICIO B;S;4010;NO
12;2024-02;HOGWARTS;WH236002;20;S;DIURNO;35;32;09:45;11:05;MARTES;2024-01-08;2024-12-30;AULA B (H);HOGWARTS - ;S;6012;NO
13;2024-02;HOGWARTS;WH236002;20;S;DIURNO;35;32;11:15;12:35;MARTES;2024-01-08;2024-12-30;AULA B (H);HOGWARTS - ;S;6012;NO
14;2024-02;HOGWARTS;WH13143;20;I;DIURNO;15;7;17:15;18:35;MARTES;2024-01-08;2024-12-30;202;HOGWARTS - TORRE B;S;6012;NO
15;2024-02;HOGWARTS;WH13143;20;I;DIURNO;15;7;18:50;20:10;MARTES;2024-01-08;2024-12-30;202;HOGWARTS - TORRE B;S;6012;NO
16;2024-02;HOGWARTS;WH13143;40;I;DIURNO;15;6;17:15;18:35;MARTES;2024-01-08;2024-12-30;401;HOGWARTS - TORRE B;S;6012;NO
17;2024-02;HOGWARTS;WH13143;40;I;DIURNO;15;6;18:50;20:10;MARTES;2024-01-08;2024-12-30;401;HOGWARTS - TORRE B;S;6012;NO
18;2024-02;HOGWARTS;GH13456;10;S;DIURNO;70;70;08:15;09:35;JUEVES;2024-01-08;2024-12-30;AULA A (H);HOGWARTS - ;S;4010;NO
19;2024-02;HOGWARTS;GH13456;10;S;DIURNO;70;70;09:45;11:05;JUEVES;2024-01-08;2024-12-30;AULA A (H);HOGWARTS - ;S;4010;NO
20;2024-02;HOGWARTS;GH13456;10;S;DIURNO;70;70;11:15;12:35;JUEVES;2024-01-08;2024-12-30;AULA A (H);HOGWARTS - ;S;4010;NO
21;2024-02;HOGWARTS;GH13456;40;S;VESPERTINO;35;35;18:50;20:10;MARTES;2024-01-08;2024-12-30;AULA E;HOGWARTS - ;S;4010;NO
22;2024-02;HOGWARTS;GH13456;40;S;VESPERTINO;35;35;20:15;21:35;MARTES;2024-01-08;2024-12-30;AULA E;HOGWARTS - ;S;4010;NO
23;2024-02;HOGWARTS;GH13456;40;S;VESPERTINO;35;35;21:40;23:00;MARTES;2024-01-08;2024-12-30;AULA E;HOGWARTS - ;S;4010;NO
24;2024-02;HOGWARTS;GH13456;20;S;DIURNO;70;64;08:15;09:35;JUEVES;2024-01-08;2024-12-30;AULA C (H);HOGWARTS - ;S;4010;NO
25;2024-02;HOGWARTS;GH13456;20;S;DIURNO;70;64;09:45;11:05;JUEVES;2024-01-08;2024-12-30;AULA C (H);HOGWARTS - ;S;4010;NO
26;2024-02;HOGWARTS;GH13456;20;S;DIURNO;70;64;11:15;12:35;JUEVES;2024-01-08;2024-12-30;AULA C (H);HOGWARTS - ;S;4010;NO
27;2024-02;BEAUXBATON;GH13456;210;S;DIURNO;40;40;14:15;15:35;MIÉRCOLES;2024-01-08;2024-12-30;102 (H);BEAUXBATON - EDIFICIO A;S;4010;NO
28;2024-02;BEAUXBATON;GH13456;210;S;DIURNO;40;40;15:45;17:05;MIÉRCOLES;2024-01-08;2024-12-30;102 (H);BEAUXBATON - EDIFICIO A;S;4010;NO
29;2024-02;BEAUXBATON;GH13456;210;S;DIURNO;40;40;17:15;18:35;MIÉRCOLES;2024-01-08;2024-12-30;102 (H);BEAUXBATON - EDIFICIO A;S;4010;NO
30;2024-02;BEAUXBATON;GH13456;220;S;DIURNO;52;52;14:15;15:35;JUEVES;2024-01-08;2024-12-30;102 (H);BEAUXBATON - EDIFICIO A;S;4010;NO
31;2024-02;BEAUXBATON;GH13456;220;S;DIURNO;52;52;15:45;17:05;JUEVES;2024-01-08;2024-12-30;102 (H);BEAUXBATON - EDIFICIO A;S;4010;NO
32;2024-02;BEAUXBATON;GH13456;220;S;DIURNO;52;52;17:15;18:35;JUEVES;2024-01-08;2024-12-30;102 (H);BEAUXBATON - EDIFICIO A;S;4010;NO
33;2024-02;HOGWARTS;GH13457;50;S;VESPERTINO;33;32;18:50;20:10;MIÉRCOLES;2024-01-08;2024-12-30;41;HOGWARTS - TORRE B;S;4010;NO
34;2024-02;HOGWARTS;GH13457;50;S;VESPERTINO;33;32;20:15;21:35;MIÉRCOLES;2024-01-08;2024-12-30;41;HOGWARTS - TORRE B;S;4010;NO
35;2024-02;HOGWARTS;GH13457;50;S;VESPERTINO;33;32;21:40;23:00;MIÉRCOLES;2024-01-08;2024-12-30;41;HOGWARTS - TORRE B;S;4010;NO
36;2024-02;HOGWARTS;GH13457;10;S;DIURNO;75;75;14:15;15:35;LUNES;2024-01-08;2024-12-30;AULA A (H);HOGWARTS - ;S;4010;NO
37;2024-02;HOGWARTS;GH13457;10;S;DIURNO;75;75;15:45;17:05;LUNES;2024-01-08;2024-12-30;AULA A (H);HOGWARTS - ;S;4010;NO
38;2024-02;HOGWARTS;GH13457;10;S;DIURNO;75;75;17:15;18:35;LUNES;2024-01-08;2024-12-30;AULA A (H);HOGWARTS - ;S;4010;NO
39;2024-02;BEAUXBATON;GH13457;220;S;DIURNO;40;32;08:15;09:35;MIÉRCOLES;2024-01-08;2024-12-30;508;BEAUXBATON - EDIFICIO B;S;4010;NO
40;2024-02;BEAUXBATON;GH13457;220;S;DIURNO;40;32;09:45;11:05;MIÉRCOLES;2024-01-08;2024-12-30;508;BEAUXBATON - EDIFICIO B;S;4010;NO
41;2024-02;BEAUXBATON;GH13457;220;S;DIURNO;40;32;11:15;12:35;MIÉRCOLES;2024-01-08;2024-12-30;508;BEAUXBATON - EDIFICIO B;S;4010;NO
42;2024-02;BEAUXBATON;GH13457;210;S;DIURNO;55;43;08:15;09:35;LUNES;2024-01-08;2024-12-30;102 (H);BEAUXBATON - EDIFICIO A;S;4010;NO
43;2024-02;BEAUXBATON;GH13457;210;S;DIURNO;55;43;09:45;11:05;LUNES;2024-01-08;2024-12-30;102 (H);BEAUXBATON - EDIFICIO A;S;4010;NO
44;2024-02;BEAUXBATON;GH13457;210;S;DIURNO;55;43;11:15;12:35;LUNES;2024-01-08;2024-12-30;102 (H);BEAUXBATON - EDIFICIO A;S;4010;NO
45;2024-02;BEAUXBATON;GH13457;230;S;DIURNO;55;42;14:15;15:35;MIÉRCOLES;2024-01-08;2024-12-30;104;BEAUXBATON - EDIFICIO A;S;4010;NO
46;2024-02;BEAUXBATON;GH13457;230;S;DIURNO;55;42;15:45;17:05;MIÉRCOLES;2024-01-08;2024-12-30;104;BEAUXBATON - EDIFICIO A;S;4010;NO
47;2024-02;BEAUXBATON;GH13457;230;S;DIURNO;55;42;17:15;18:35;MIÉRCOLES;2024-01-08;2024-12-30;104;BEAUXBATON - EDIFICIO A;S;4010;NO
48;2024-02;HOGWARTS;GH13457;20;S;DIURNO;75;63;14:15;15:35;MIÉRCOLES;2024-01-08;2024-12-30;AULA B (H);HOGWARTS - ;S;4010;NO
49;2024-02;HOGWARTS;GH13457;20;S;DIURNO;75;63;15:45;17:05;MIÉRCOLES;2024-01-08;2024-12-30;AULA B (H);HOGWARTS - ;S;4010;NO
50;2024-02;HOGWARTS;GH13457;20;S;DIURNO;75;63;17:15;18:35;MIÉRCOLES;2024-01-08;2024-12-30;AULA B (H);HOGWARTS - ;S;4010;NO
51;2024-02;HOGWARTS;GH13458;20;S;DIURNO;70;69;14:15;15:35;MARTES;2024-01-08;2024-12-30;AULA B (H);HOGWARTS - ;S;4010;NO
52;2024-02;HOGWARTS;GH13458;20;S;DIURNO;70;69;15:45;17:05;MARTES;2024-01-08;2024-12-30;AULA B (H);HOGWARTS - ;S;4010;NO
53;2024-02;HOGWARTS;GH13458;20;S;DIURNO;70;69;17:15;18:35;MARTES;2024-01-08;2024-12-30;AULA B (H);HOGWARTS - ;S;4010;NO
54;2024-02;BEAUXBATON;GH13459;210;S;DIURNO;50;49;14:15;15:35;LUNES;2024-01-08;2024-12-30;102 (H);BEAUXBATON - EDIFICIO A;S;4010;NO
55;2024-02;BEAUXBATON;GH13459;210;S;DIURNO;50;49;15:45;17:05;LUNES;2024-01-08;2024-12-30;102 (H);BEAUXBATON - EDIFICIO A;S;4010;NO
56;2024-02;BEAUXBATON;GH13459;210;S;DIURNO;50;49;17:15;18:35;LUNES;2024-01-08;2024-12-30;102 (H);BEAUXBATON - EDIFICIO A;S;4010;NO
57;2024-02;BEAUXBATON;GH13462;210;S;DIURNO;40;32;14:15;15:35;JUEVES;2024-01-08;2024-12-30;401 (H);BEAUXBATON - EDIFICIO B;S;4010;NO
58;2024-02;BEAUXBATON;GH13462;210;S;DIURNO;40;32;15:45;17:05;JUEVES;2024-01-08;2024-12-30;401 (H);BEAUXBATON - EDIFICIO B;S;4010;NO
59;2024-02;BEAUXBATON;GH13462;210;S;DIURNO;40;32;17:15;18:35;JUEVES;2024-01-08;2024-12-30;401 (H);BEAUXBATON - EDIFICIO B;S;4010;NO
60;2024-02;BEAUXBATON;GH13463;210;S;DIURNO;55;16;14:15;15:35;MIÉRCOLES;2024-01-08;2024-12-30;513 (H);BEAUXBATON - EDIFICIO B;;4010;NO
61;2024-02;BEAUXBATON;GH13463;210;S;DIURNO;55;16;15:45;17:05;MIÉRCOLES;2024-01-08;2024-12-30;513 (H);BEAUXBATON - EDIFICIO B;;4010;NO
62;2024-02;BEAUXBATON;GH13463;210;S;DIURNO;55;16;17:15;18:35;MIÉRCOLES;2024-01-08;2024-12-30;513 (H);BEAUXBATON - EDIFICIO B;;4010;NO
63;2024-02;HOGWARTS;GH13467;10;S;DIURNO;70;64;08:15;09:35;JUEVES;2024-01-08;2024-12-30;AULA B (H);HOGWARTS - ;S;4010;NO
64;2024-02;HOGWARTS;GH13467;10;S;DIURNO;70;64;09:45;11:05;JUEVES;2024-01-08;2024-12-30;AULA B (H);HOGWARTS - ;S;4010;NO
65;2024-02;HOGWARTS;GH13467;10;S;DIURNO;70;64;11:15;12:35;JUEVES;2024-01-08;2024-12-30;AULA B (H);HOGWARTS - ;S;4010;NO
66;2024-02;HOGWARTS;GH13468;20;S;DIURNO;59;57;08:15;09:35;MARTES;2024-01-08;2024-12-30;AULA C (H);HOGWARTS - ;S;4010;NO
67;2024-02;HOGWARTS;GH13468;20;S;DIURNO;59;57;09:45;11:05;MARTES;2024-01-08;2024-12-30;AULA C (H);HOGWARTS - ;S;4010;NO
68;2024-02;HOGWARTS;GH13468;20;S;DIURNO;59;57;11:15;12:35;MARTES;2024-01-08;2024-12-30;AULA C (H);HOGWARTS - ;S;4010;NO
69;2024-02;BEAUXBATON;GH13468;220;S;DIURNO;25;4;14:15;15:35;LUNES;2024-01-08;2024-12-30;503;BEAUXBATON - EDIFICIO B;;4010;NO
70;2024-02;BEAUXBATON;GH13468;220;S;DIURNO;25;4;15:45;17:05;LUNES;2024-01-08;2024-12-30;503;BEAUXBATON - EDIFICIO B;;4010;NO
71;2024-02;BEAUXBATON;GH13468;220;S;DIURNO;25;4;17:15;18:35;LUNES;2024-01-08;2024-12-30;503;BEAUXBATON - EDIFICIO B;;4010;NO
72;2024-02;HOGWARTS;GH13469;40;S;VESPERTINO;30;17;18:50;20:10;JUEVES;2024-01-08;2024-12-30;212;HOGWARTS - TORRE B;S;4010;NO
73;2024-02;HOGWARTS;GH13469;40;S;VESPERTINO;30;17;20:15;21:35;JUEVES;2024-01-08;2024-12-30;212;HOGWARTS - TORRE B;S;4010;NO
74;2024-02;HOGWARTS;GH13469;40;S;VESPERTINO;30;17;21:40;23:00;JUEVES;2024-01-08;2024-12-30;212;HOGWARTS - TORRE B;S;4010;NO
75;2024-02;BEAUXBATON;GH13469;210;S;DIURNO;55;53;08:15;09:35;JUEVES;2024-01-08;2024-12-30;AUDITORIO 1 (H) -;BEAUXBATON - EDIFICIO A;S;4010;NO
76;2024-02;BEAUXBATON;GH13469;210;S;DIURNO;55;53;09:45;11:05;JUEVES;2024-01-08;2024-12-30;AUDITORIO 1 (H) -;BEAUXBATON - EDIFICIO A;S;4010;NO
77;2024-02;BEAUXBATON;GH13469;210;S;DIURNO;55;53;11:15;12:35;JUEVES;2024-01-08;2024-12-30;AUDITORIO 1 (H) -;BEAUXBATON - EDIFICIO A;S;4010;NO
78;2024-02;HOGWARTS;GH13469;20;S;DIURNO;65;55;14:15;15:35;MARTES;2024-01-08;2024-12-30;AULA A (H);HOGWARTS - ;S;4010;NO
79;2024-02;HOGWARTS;GH13469;20;S;DIURNO;65;55;15:45;17:05;MARTES;2024-01-08;2024-12-30;AULA A (H);HOGWARTS - ;S;4010;NO
80;2024-02;HOGWARTS;GH13469;20;S;DIURNO;65;55;17:15;18:35;MARTES;2024-01-08;2024-12-30;AULA A (H);HOGWARTS - ;S;4010;NO
81;2024-02;HOGWARTS;GH13470;10;S;DIURNO;80;73;14:15;15:35;MIÉRCOLES;2024-01-08;2024-12-30;AULA A (H);HOGWARTS - ;S;4010;NO
82;2024-02;HOGWARTS;GH13470;10;S;DIURNO;80;73;15:45;17:05;MIÉRCOLES;2024-01-08;2024-12-30;AULA A (H);HOGWARTS - ;S;4010;NO
83;2024-02;HOGWARTS;GH13470;10;S;DIURNO;80;73;17:15;18:35;MIÉRCOLES;2024-01-08;2024-12-30;AULA A (H);HOGWARTS - ;S;4010;NO
84;2024-02;BEAUXBATON;GH13470;220;S;DIURNO;38;20;14:15;15:35;VIERNES;2024-01-08;2024-12-30;206;BEAUXBATON - EDIFICIO A;S;4010;NO
85;2024-02;BEAUXBATON;GH13470;220;S;DIURNO;38;20;15:45;17:05;VIERNES;2024-01-08;2024-12-30;206;BEAUXBATON - EDIFICIO A;S;4010;NO
86;2024-02;BEAUXBATON;GH13470;220;S;DIURNO;38;20;17:15;18:35;VIERNES;2024-01-08;2024-12-30;206;BEAUXBATON - EDIFICIO A;S;4010;NO
87;2024-02;HOGWARTS;GH13470;30;S;VESPERTINO;49;49;18:50;20:10;LUNES;2024-01-08;2024-12-30;206;HOGWARTS - TORRE B;S;4010;NO
88;2024-02;HOGWARTS;GH13470;30;S;VESPERTINO;49;49;20:15;21:35;LUNES;2024-01-08;2024-12-30;206;HOGWARTS - TORRE B;S;4010;NO
89;2024-02;HOGWARTS;GH13470;30;S;VESPERTINO;49;49;21:40;23:00;LUNES;2024-01-08;2024-12-30;206;HOGWARTS - TORRE B;S;4010;NO
90;2024-02;HOGWARTS;GH13470;20;S;DIURNO;80;74;14:15;15:35;MIÉRCOLES;2024-01-08;2024-12-30;AULA C (H);HOGWARTS - ;S;4010;NO
91;2024-02;HOGWARTS;GH13470;20;S;DIURNO;80;74;15:45;17:05;MIÉRCOLES;2024-01-08;2024-12-30;AULA C (H);HOGWARTS - ;S;4010;NO
92;2024-02;HOGWARTS;GH13470;20;S;DIURNO;80;74;17:15;18:35;MIÉRCOLES;2024-01-08;2024-12-30;AULA C (H);HOGWARTS - ;S;4010;NO
93;2024-02;BEAUXBATON;GH13470;210;S;DIURNO;57;55;08:15;09:35;VIERNES;2024-01-08;2024-12-30;102 (H);BEAUXBATON - EDIFICIO A;S;4010;NO
94;2024-02;BEAUXBATON;GH13470;210;S;DIURNO;57;55;09:45;11:05;VIERNES;2024-01-08;2024-12-30;102 (H);BEAUXBATON - EDIFICIO A;S;4010;NO
95;2024-02;BEAUXBATON;GH13470;210;S;DIURNO;57;55;11:15;12:35;VIERNES;2024-01-08;2024-12-30;102 (H);BEAUXBATON - EDIFICIO A;S;4010;NO
96;2024-02;HOGWARTS;GH13479;20;S;VESPERTINO;46;44;18:50;20:10;MARTES;2024-01-08;2024-12-30;206;HOGWARTS - TORRE B;S;4010;NO
97;2024-02;HOGWARTS;GH13479;20;S;VESPERTINO;46;44;20:15;21:35;MARTES;2024-01-08;2024-12-30;206;HOGWARTS - TORRE B;S;4010;NO
98;2024-02;HOGWARTS;GH13479;20;S;VESPERTINO;46;44;21:40;23:00;MARTES;2024-01-08;2024-12-30;206;HOGWARTS - TORRE B;S;4010;NO
99;2024-02;HOGWARTS;GH13480;20;S;VESPERTINO;45;45;18:50;20:10;MIÉRCOLES;2024-01-08;2024-12-30;204;HOGWARTS - TORRE B;S;4010;NO
100;2024-02;HOGWARTS;GH13480;20;S;VESPERTINO;45;45;20:15;21:35;MIÉRCOLES;2024-01-08;2024-12-30;204;HOGWARTS - TORRE B;S;4010;NO
101;2024-02;HOGWARTS;GH13480;20;S;VESPERTINO;45;45;21:40;23:00;MIÉRCOLES;2024-01-08;2024-12-30;204;HOGWARTS - TORRE B;S;4010;NO
102;2024-02;HOGWARTS;GH13482;30;S;VESPERTINO;43;36;18:50;20:10;LUNES;2024-01-08;2024-12-30;417;HOGWARTS - TORRE B;S;4010;NO
103;2024-02;HOGWARTS;GH13482;30;S;VESPERTINO;43;36;20:15;21:35;LUNES;2024-01-08;2024-12-30;417;HOGWARTS - TORRE B;S;4010;NO
104;2024-02;HOGWARTS;GH13482;30;S;VESPERTINO;43;36;21:40;23:00;LUNES;2024-01-08;2024-12-30;417;HOGWARTS - TORRE B;S;4010;NO
105;2024-02;HOGWARTS;GH13482;10;S;DIURNO;40;34;14:15;15:35;LUNES;2024-01-08;2024-12-30;409 (H);HOGWARTS - TORRE B;S;4010;NO
106;2024-02;HOGWARTS;GH13482;10;S;DIURNO;40;34;15:45;17:05;LUNES;2024-01-08;2024-12-30;9 (H);HOGWARTS - TORRE B;S;4010;NO
107;2024-02;HOGWARTS;GH13482;10;S;DIURNO;40;34;17:15;18:35;LUNES;2024-01-08;2024-12-30;9 (H);HOGWARTS - TORRE B;S;4010;NO
108;2024-02;HOGWARTS;GH13482;20;S;DIURNO;40;37;14:15;15:35;LUNES;2024-01-08;2024-12-30;411;HOGWARTS - TORRE B;S;4010;NO
109;2024-02;HOGWARTS;GH13482;20;S;DIURNO;40;37;15:45;17:05;LUNES;2024-01-08;2024-12-30;411;HOGWARTS - TORRE B;S;4010;NO
110;2024-02;HOGWARTS;GH13482;20;S;DIURNO;40;37;17:15;18:35;LUNES;2024-01-08;2024-12-30;411;HOGWARTS - TORRE B;S;4010;NO
111;2024-02;BEAUXBATON;GH13482;220;S;DIURNO;28;23;15:45;17:05;JUEVES;2024-01-08;2024-12-30;512;BEAUXBATON - EDIFICIO B;S;4010;NO
112;2024-02;BEAUXBATON;GH13482;220;S;DIURNO;28;23;17:15;18:35;JUEVES;2024-01-08;2024-12-30;512;BEAUXBATON - EDIFICIO B;S;4010;NO
113;2024-02;BEAUXBATON;GH13482;220;S;DIURNO;28;23;18:50;20:10;JUEVES;2024-01-08;2024-12-30;512;BEAUXBATON - EDIFICIO B;S;4010;NO
114;2024-02;BEAUXBATON;GH13482;210;S;DIURNO;31;29;08:15;09:35;LUNES;2024-01-08;2024-12-30;104;BEAUXBATON - EDIFICIO A;S;4010;NO
115;2024-02;BEAUXBATON;GH13482;210;S;DIURNO;31;29;09:45;11:05;LUNES;2024-01-08;2024-12-30;104;BEAUXBATON - EDIFICIO A;S;4010;NO
116;2024-02;BEAUXBATON;GH13482;210;S;DIURNO;31;29;11:15;12:35;LUNES;2024-01-08;2024-12-30;104;BEAUXBATON - EDIFICIO A;S;4010;NO
117;2024-02;BEAUXBATON;GH13486;210;S;DIURNO;25;6;14:15;15:35;MIÉRCOLES;2024-01-08;2024-12-30;501;BEAUXBATON - EDIFICIO B;;4010;NO
118;2024-02;BEAUXBATON;GH13486;210;S;DIURNO;25;6;15:45;17:05;MIÉRCOLES;2024-01-08;2024-12-30;501;BEAUXBATON - EDIFICIO B;;4010;NO
119;2024-02;BEAUXBATON;GH13486;210;S;DIURNO;25;6;17:15;18:35;MIÉRCOLES;2024-01-08;2024-12-30;501;BEAUXBATON - EDIFICIO B;;4010;NO
120;2024-02;HOGWARTS;GH13489;20;S;VESPERTINO;40;38;18:50;20:10;LUNES;2024-01-08;2024-12-30;412;HOGWARTS - TORRE B;S;4010;NO
121;2024-02;HOGWARTS;GH13489;20;S;VESPERTINO;40;38;20:15;21:35;LUNES;2024-01-08;2024-12-30;412;HOGWARTS - TORRE B;S;4010;NO
122;2024-02;HOGWARTS;GH13489;20;S;VESPERTINO;40;38;21:40;23:00;LUNES;2024-01-08;2024-12-30;412;HOGWARTS - TORRE B;S;4010;NO
123;2024-02;BEAUXBATON;GH13489;220;S;DIURNO;27;26;14:15;15:35;VIERNES;2024-01-08;2024-12-31;402;BEAUXBATON - EDIFICIO B;S;4010;NO
124;2024-02;BEAUXBATON;GH13489;220;S;DIURNO;27;26;15:45;17:05;VIERNES;2024-01-08;2024-12-31;402;BEAUXBATON - EDIFICIO B;S;4010;NO
125;2024-02;BEAUXBATON;GH13489;220;S;DIURNO;27;26;17:15;18:35;VIERNES;2024-01-08;2024-12-31;402;BEAUXBATON - EDIFICIO B;S;4010;NO
126;2024-02;HOGWARTS;GH13490;10;S;DIURNO;56;54;14:15;15:35;MARTES;2024-01-08;2024-12-30;305 (H);HOGWARTS - ;S;4010;NO
127;2024-02;HOGWARTS;GH13490;10;S;DIURNO;56;54;15:45;17:05;MARTES;2024-01-08;2024-12-30;305 (H);HOGWARTS - ;S;4010;NO
128;2024-02;HOGWARTS;GH13490;10;S;DIURNO;56;54;17:15;18:35;MARTES;2024-01-08;2024-12-30;305 (H);HOGWARTS - ;S;4010;NO
129;2024-02;HOGWARTS;GH13491;10;S;DIURNO;53;50;08:15;09:35;MARTES;2024-01-08;2024-12-30;AULA D (H);HOGWARTS - ;S;4010;NO
130;2024-02;HOGWARTS;GH13491;10;S;DIURNO;53;50;09:45;11:05;MARTES;2024-01-08;2024-12-30;AULA D (H);HOGWARTS - ;S;4010;NO
131;2024-02;HOGWARTS;GH13491;10;S;DIURNO;53;50;11:15;12:35;MARTES;2024-01-08;2024-12-30;AULA D (H);HOGWARTS - ;S;4010;NO
132;2024-02;HOGWARTS;GH13491;20;S;VESPERTINO;50;49;18:50;20:10;VIERNES;2024-01-08;2024-12-30;317;HOGWARTS - TORRE B;S;4010;NO
133;2024-02;HOGWARTS;GH13491;20;S;VESPERTINO;50;49;20:15;21:35;VIERNES;2024-01-08;2024-12-30;317;HOGWARTS - TORRE B;S;4010;NO
134;2024-02;HOGWARTS;GH13491;20;S;VESPERTINO;50;49;21:40;23:00;VIERNES;2024-01-08;2024-12-30;317;HOGWARTS - TORRE B;S;4010;NO
135;2024-02;BEAUXBATON;GH13491;210;S;DIURNO;40;34;08:15;09:35;JUEVES;2024-01-08;2024-12-30;204;BEAUXBATON - EDIFICIO A;S;4010;NO
136;2024-02;BEAUXBATON;GH13491;210;S;DIURNO;40;34;09:45;11:05;JUEVES;2024-01-08;2024-12-30;204;BEAUXBATON - EDIFICIO A;S;4010;NO
137;2024-02;BEAUXBATON;GH13491;210;S;DIURNO;40;34;11:15;12:35;JUEVES;2024-01-08;2024-12-30;204;BEAUXBATON - EDIFICIO A;S;4010;NO
138;2024-02;HOGWARTS;GH13493;40;S;VESPERTINO;15;4;18:50;20:10;MIÉRCOLES;2024-01-08;2024-12-30;202;HOGWARTS - TORRE B;S;4010;NO
139;2024-02;HOGWARTS;GH13493;40;S;VESPERTINO;15;4;20:15;21:35;MIÉRCOLES;2024-01-08;2024-12-30;202;HOGWARTS - TORRE B;S;4010;NO
140;2024-02;HOGWARTS;GH13493;40;S;VESPERTINO;15;4;21:40;23:00;MIÉRCOLES;2024-01-08;2024-12-30;202;HOGWARTS - TORRE B;S;4010;NO
141;2024-02;HOGWARTS;GH13493;10;S;DIURNO;20;7;08:15;09:35;MARTES;2024-01-08;2024-12-30;405;HOGWARTS - TORRE B;S;4010;NO
142;2024-02;HOGWARTS;GH13493;10;S;DIURNO;20;7;09:45;11:05;MARTES;2024-01-08;2024-12-30;405;HOGWARTS - TORRE B;S;4010;NO
143;2024-02;HOGWARTS;GH13493;10;S;DIURNO;20;7;11:15;12:35;MARTES;2024-01-08;2024-12-30;405;HOGWARTS - TORRE B;S;4010;NO
144;2024-02;BEAUXBATON;GH23494;210;S;DIURNO;20;18;09:45;11:05;MIÉRCOLES;2024-01-08;2024-12-31;501;BEAUXBATON - EDIFICIO B;S;4010;NO
145;2024-02;BEAUXBATON;GH23494;210;S;DIURNO;20;18;11:15;12:35;MIÉRCOLES;2024-01-08;2024-12-31;501;BEAUXBATON - EDIFICIO B;S;4010;NO
146;2024-02;BEAUXBATON;GH23494;210;S;DIURNO;20;18;12:45;14:05;MIÉRCOLES;2024-01-08;2024-12-31;501;BEAUXBATON - EDIFICIO B;S;4010;NO
147;2024-02;HOGWARTS;GH23494;40;S;VESPERTINO;15;13;18:50;20:10;VIERNES;2024-01-08;2024-12-30;212;HOGWARTS - TORRE B;S;4010;NO
148;2024-02;HOGWARTS;GH23494;40;S;VESPERTINO;15;13;20:15;21:35;VIERNES;2024-01-08;2024-12-30;212;HOGWARTS - TORRE B;S;4010;NO
149;2024-02;HOGWARTS;GH23494;40;S;VESPERTINO;15;13;21:40;23:00;VIERNES;2024-01-08;2024-12-30;212;HOGWARTS - TORRE B;S;4010;NO
150;2024-02;HOGWARTS;GH23495;30;S;DIURNO;20;13;08:15;09:35;MARTES;2024-01-08;2024-12-30;208;HOGWARTS - TORRE D;S;4010;NO
151;2024-02;HOGWARTS;GH23495;30;S;DIURNO;20;13;09:45;11:05;MARTES;2024-01-08;2024-12-30;208;HOGWARTS - TORRE D;S;4010;NO
152;2024-02;HOGWARTS;GH23495;30;S;DIURNO;20;13;11:15;12:35;MARTES;2024-01-08;2024-12-30;208;HOGWARTS - TORRE D;S;4010;NO
153;2024-02;HOGWARTS;GH23495;20;S;DIURNO;20;3;08:15;09:35;MARTES;2024-01-08;2024-12-30;206;HOGWARTS - TORRE D;S;4010;NO
154;2024-02;HOGWARTS;GH23495;20;S;DIURNO;20;3;09:45;11:05;MARTES;2024-01-08;2024-12-30;206;HOGWARTS - TORRE D;S;4010;NO
155;2024-02;HOGWARTS;GH23495;20;S;DIURNO;20;3;11:15;12:35;MARTES;2024-01-08;2024-12-30;206;HOGWARTS - TORRE D;S;4010;NO
156;2024-02;BEAUXBATON;GH23495;210;S;DIURNO;30;30;14:15;15:35;VIERNES;2024-01-08;2024-12-30;205;BEAUXBATON - EDIFICIO A;S;4010;NO
157;2024-02;BEAUXBATON;GH23495;210;S;DIURNO;30;30;15:45;17:05;VIERNES;2024-01-08;2024-12-30;205;BEAUXBATON - EDIFICIO A;S;4010;NO
158;2024-02;BEAUXBATON;GH23495;210;S;DIURNO;30;30;17:15;18:35;VIERNES;2024-01-08;2024-12-30;205;BEAUXBATON - EDIFICIO A;S;4010;NO
159;2024-02;HOGWARTS;GH23495;60;S;VESPERTINO;16;7;18:50;20:10;MARTES;2024-01-08;2024-12-30;203;HOGWARTS - TORRE B;S;4010;NO
160;2024-02;HOGWARTS;GH23495;60;S;VESPERTINO;16;7;20:15;21:35;MARTES;2024-01-08;2024-12-30;203;HOGWARTS - TORRE B;S;4010;NO
161;2024-02;HOGWARTS;GH23495;60;S;VESPERTINO;16;7;21:40;23:00;MARTES;2024-01-08;2024-12-30;203;HOGWARTS - TORRE B;S;4010;NO
162;2024-02;HOGWARTS;GH23495;50;S;VESPERTINO;15;5;18:50;20:10;MARTES;2024-01-08;2024-12-30;205;HOGWARTS - TORRE B;S;4010;NO
163;2024-02;HOGWARTS;GH23495;50;S;VESPERTINO;15;5;20:15;21:35;MARTES;2024-01-08;2024-12-30;205;HOGWARTS - TORRE B;S;4010;NO
164;2024-02;HOGWARTS;GH23495;50;S;VESPERTINO;15;5;21:40;23:00;MARTES;2024-01-08;2024-12-30;205;HOGWARTS - TORRE B;S;4010;NO
165;2024-02;BEAUXBATON;GH13509;210;S;DIURNO;40;26;08:15;09:35;MIÉRCOLES;2024-01-08;2024-12-30;102 (H);BEAUXBATON - EDIFICIO A;S;4010;NO
166;2024-02;BEAUXBATON;GH13509;210;S;DIURNO;40;26;09:45;11:05;MIÉRCOLES;2024-01-08;2024-12-30;102 (H);BEAUXBATON - EDIFICIO A;S;4010;NO
167;2024-02;BEAUXBATON;GH13509;210;S;DIURNO;40;26;11:15;12:35;MIÉRCOLES;2024-01-08;2024-12-30;102 (H);BEAUXBATON - EDIFICIO A;S;4010;NO
168;2024-02;HOGWARTS;GH13509;60;S;VESPERTINO;15;10;18:50;20:10;JUEVES;2024-01-08;2024-12-30;404;HOGWARTS - TORRE B;S;4010;NO
169;2024-02;HOGWARTS;GH13509;60;S;VESPERTINO;15;10;20:15;21:35;JUEVES;2024-01-08;2024-12-30;404;HOGWARTS - TORRE B;S;4010;NO
170;2024-02;HOGWARTS;GH13509;60;S;VESPERTINO;15;10;21:40;23:00;JUEVES;2024-01-08;2024-12-30;404;HOGWARTS - TORRE B;S;4010;NO
171;2024-02;BEAUXBATON;GH13509;220;S;DIURNO;25;19;14:15;15:35;LUNES;2024-01-08;2024-12-30;404;BEAUXBATON - EDIFICIO B;S;4010;NO
172;2024-02;BEAUXBATON;GH13509;220;S;DIURNO;25;19;15:45;17:05;LUNES;2024-01-08;2024-12-30;404;BEAUXBATON - EDIFICIO B;S;4010;NO
173;2024-02;BEAUXBATON;GH13509;220;S;DIURNO;25;19;17:15;18:35;LUNES;2024-01-08;2024-12-30;404;BEAUXBATON - EDIFICIO B;S;4010;NO
174;2024-02;HOGWARTS;GH13509;20;S;DIURNO;20;6;08:15;09:35;MIÉRCOLES;2024-01-08;2024-12-30;406;HOGWARTS - TORRE B;S;4010;NO
175;2024-02;HOGWARTS;GH13509;20;S;DIURNO;20;6;09:45;11:05;MIÉRCOLES;2024-01-08;2024-12-30;406;HOGWARTS - TORRE B;S;4010;NO
176;2024-02;HOGWARTS;GH13509;20;S;DIURNO;20;6;11:15;12:35;MIÉRCOLES;2024-01-08;2024-12-30;406;HOGWARTS - TORRE B;S;4010;NO
177;2024-02;HOGWARTS;GH13509;10;S;DIURNO;20;15;08:15;09:35;MIÉRCOLES;2024-01-08;2024-12-30;403;HOGWARTS - TORRE B;S;4010;NO
178;2024-02;HOGWARTS;GH13509;10;S;DIURNO;20;15;09:45;11:05;MIÉRCOLES;2024-01-08;2024-12-30;403;HOGWARTS - TORRE B;S;4010;NO
179;2024-02;HOGWARTS;GH13509;10;S;DIURNO;20;15;11:15;12:35;MIÉRCOLES;2024-01-08;2024-12-30;403;HOGWARTS - TORRE B;S;4010;NO
180;2024-02;HOGWARTS;WH23637;130;S;DIURNO;46;46;14:15;15:35;JUEVES;2024-01-08;2024-12-31;308 (H);HOGWARTS - ;S;9010;NO
181;2024-02;HOGWARTS;WH23637;130;S;DIURNO;46;46;15:45;17:05;JUEVES;2024-01-08;2024-12-31;308 (H);HOGWARTS - ;S;9010;NO
182;2024-02;HOGWARTS;WH23637;10;S;DIURNO;51;51;11:15;12:35;MARTES;2024-01-08;2024-12-30;201 (EX 22);HOGWARTS - ;S;9010;NO
183;2024-02;HOGWARTS;WH23637;90;S;DIURNO;45;45;09:45;11:05;JUEVES;2024-01-08;2024-12-30;213;HOGWARTS - TORRE B;S;9010;NO
184;2024-02;HOGWARTS;WH23637;90;S;DIURNO;45;45;09:45;11:05;MARTES;2024-01-08;2024-12-30;318;HOGWARTS - TORRE B;S;9010;NO
185;2024-02;HOGWARTS;WH23637;10;S;DIURNO;51;51;11:15;12:35;LUNES;2024-01-08;2024-12-30;201;HOGWARTS - TORRE D;S;9010;NO
186;2024-02;HOGWARTS;WH23637;20;S;DIURNO;50;50;11:15;12:35;LUNES;2024-01-08;2024-12-30;204;HOGWARTS - TORRE D;S;9010;NO
187;2024-02;HOGWARTS;WH23637;20;S;DIURNO;50;50;11:15;12:35;MARTES;2024-01-08;2024-12-30;204;HOGWARTS - TORRE D;S;9010;NO
188;2024-02;HOGWARTS;WH23637;80;S;DIURNO;38;35;08:15;09:35;JUEVES;2024-01-08;2024-12-30;309;HOGWARTS - TORRE B;S;9010;NO
189;2024-02;HOGWARTS;WH23637;80;S;DIURNO;38;35;08:15;09:35;VIERNES;2024-01-08;2024-12-30;309;HOGWARTS - TORRE B;S;9010;NO
190;2024-02;HOGWARTS;WH23637;100;S;DIURNO;45;35;09:45;11:05;MARTES;2024-01-08;2024-12-30;314;HOGWARTS - TORRE B;S;9010;NO
191;2024-02;HOGWARTS;WH23637;100;S;DIURNO;45;35;09:45;11:05;JUEVES;2024-01-08;2024-12-30;314;HOGWARTS - TORRE B;S;9010;NO
192;2024-02;HOGWARTS;WH23637;40;S;DIURNO;46;46;11:15;12:35;JUEVES;2024-01-08;2024-12-30;301;HOGWARTS - TORRE D;S;9010;NO
193;2024-02;HOGWARTS;WH23637;40;S;DIURNO;46;46;11:15;12:35;VIERNES;2024-01-08;2024-12-30;301;HOGWARTS - TORRE D;S;9010;NO
194;2024-02;HOGWARTS;WH23639;60;S;VESPERTINO;45;42;11:15;12:35;LUNES;2024-01-08;2024-12-30;308 (H);HOGWARTS - ;S;9010;NO
195;2024-02;HOGWARTS;WH23639;60;S;VESPERTINO;45;42;11:15;12:35;MIÉRCOLES;2024-01-08;2024-12-30;308 (H);HOGWARTS - ;S;9010;NO
196;2024-02;HOGWARTS;WH23639;40;S;DIURNO;40;30;14:15;15:35;JUEVES;2024-01-08;2024-12-30;206;HOGWARTS - TORRE B;S;9010;NO
197;2024-02;HOGWARTS;WH23639;40;S;DIURNO;40;30;15:45;17:05;JUEVES;2024-01-08;2024-12-30;206;HOGWARTS - TORRE B;S;9010;NO
198;2024-02;HOGWARTS;WH23639;90;S;DIURNO;23;23;15:45;17:05;JUEVES;2024-01-08;2024-12-31;408 (H);HOGWARTS - TORRE D;S;9010;NO
199;2024-02;HOGWARTS;WH23639;90;S;DIURNO;23;23;14:15;15:35;VIERNES;2024-01-08;2024-12-31;408 (H);HOGWARTS - TORRE D;S;9010;NO
200;2024-02;HOGWARTS;WH23639;80;S;DIURNO;44;44;14:15;15:35;MARTES;2024-01-08;2024-12-30;410;HOGWARTS - TORRE B;S;9010;NO
201;2024-02;HOGWARTS;WH23639;80;S;DIURNO;44;44;15:45;17:05;MARTES;2024-01-08;2024-12-30;410;HOGWARTS - TORRE B;S;9010;NO
202;2024-02;BEAUXBATON;WH23639;230;S;DIURNO;37;28;08:15;09:35;LUNES;2024-01-08;2024-12-30;203;BEAUXBATON - EDIFICIO A;S;9010;NO
203;2024-02;BEAUXBATON;WH23639;230;S;DIURNO;37;28;09:45;11:05;LUNES;2024-01-08;2024-12-30;203;BEAUXBATON - EDIFICIO A;S;9010;NO
204;2024-02;BEAUXBATON;WH23639;210;S;DIURNO;40;32;17:15;18:35;VIERNES;2024-01-08;2024-12-30;512;BEAUXBATON - EDIFICIO B;S;9010;NO
205;2024-02;BEAUXBATON;WH23639;210;S;DIURNO;40;32;17:15;18:35;MARTES;2024-01-08;2024-12-30;413 (H);BEAUXBATON - EDIFICIO B;S;9010;NO
206;2024-02;HOGWARTS;GH13880;10;S;VESPERTINO;35;32;11:15;12:35;SáBADO;2024-01-08;2024-12-30;212;HOGWARTS - TORRE B;S;4010;NO
207;2024-02;HOGWARTS;GH13880;10;S;VESPERTINO;35;32;12:45;14:05;SáBADO;2024-01-08;2024-12-30;212;HOGWARTS - TORRE B;S;4010;NO
208;2024-02;HOGWARTS;HW13977;20;S;DIURNO;42;41;11:15;12:35;VIERNES;2024-01-08;2024-12-30;414;HOGWARTS - TORRE B;S;4010;NO
209;2024-02;HOGWARTS;HW13977;20;S;DIURNO;42;41;12:45;14:05;VIERNES;2024-01-08;2024-12-30;414;HOGWARTS - TORRE B;S;4010;NO
210;2024-02;HOGWARTS;HP14091;30;S;VESPERTINO;36;36;18:50;20:10;LUNES;2024-01-08;2024-12-30;212;HOGWARTS - TORRE B;S;4010;NO
211;2024-02;HOGWARTS;HP14091;30;S;VESPERTINO;36;36;20:15;21:35;LUNES;2024-01-08;2024-12-30;212;HOGWARTS - TORRE B;S;4010;NO
212;2024-02;HOGWARTS;HP14091;10;S;DIURNO;47;47;08:15;09:35;VIERNES;2024-01-08;2024-12-30;210;HOGWARTS - TORRE D;S;4010;NO
213;2024-02;HOGWARTS;HP14091;10;S;DIURNO;47;47;09:45;11:05;VIERNES;2024-01-08;2024-12-30;210;HOGWARTS - TORRE D;S;4010;NO
214;2024-02;HOGWARTS;GH24440;20;S;VESPERTINO;30;8;18:50;20:10;MIÉRCOLES;2024-01-08;2024-12-30;310;HOGWARTS - TORRE B;S;4010;NO
215;2024-02;HOGWARTS;GH24440;20;S;VESPERTINO;30;8;20:15;21:35;MIÉRCOLES;2024-01-08;2024-12-30;310;HOGWARTS - TORRE B;S;4010;NO
216;2024-02;HOGWARTS;GH24440;20;S;VESPERTINO;30;8;21:40;23:00;MIÉRCOLES;2024-01-08;2024-12-30;310;HOGWARTS - TORRE B;S;4010;NO
217;2024-02;BEAUXBATON;GH24440;210;S;DIURNO;55;40;14:15;15:35;LUNES;2024-01-08;2024-12-30;AUDITORIO 2;BEAUXBATON - EDIFICIO A;S;4010;NO
218;2024-02;BEAUXBATON;GH24440;210;S;DIURNO;55;40;15:45;17:05;LUNES;2024-01-08;2024-12-30;AUDITORIO 2;BEAUXBATON - EDIFICIO A;S;4010;NO
219;2024-02;BEAUXBATON;GH24440;210;S;DIURNO;55;40;17:15;18:35;LUNES;2024-01-08;2024-12-30;AUDITORIO 2;BEAUXBATON - EDIFICIO A;S;4010;NO
220;2024-02;HOGWARTS;GH24441;10;S;DIURNO;40;22;14:15;15:35;JUEVES;2024-01-08;2024-12-30;AULA F;HOGWARTS - ;S;4010;NO
221;2024-02;HOGWARTS;GH24441;10;S;DIURNO;40;22;15:45;17:05;JUEVES;2024-01-08;2024-12-30;AULA F;HOGWARTS - ;S;4010;NO
222;2024-02;HOGWARTS;GH24442;20;S;VESPERTINO;40;18;18:50;20:10;MIÉRCOLES;2024-01-08;2024-12-30;213;HOGWARTS - TORRE B;S;4010;NO
223;2024-02;HOGWARTS;GH24442;20;S;VESPERTINO;40;18;20:15;21:35;MIÉRCOLES;2024-01-08;2024-12-30;213;HOGWARTS - TORRE B;S;4010;NO
224;2024-02;HOGWARTS;GH14444;40;S;VESPERTINO;15;6;18:50;20:10;LUNES;2024-01-08;2024-12-30;211;HOGWARTS - TORRE B;S;4010;NO
225;2024-02;HOGWARTS;GH14444;40;S;VESPERTINO;15;6;20:15;21:35;LUNES;2024-01-08;2024-12-30;211;HOGWARTS - TORRE B;S;4010;NO
226;2024-02;HOGWARTS;GH14444;30;S;VESPERTINO;21;17;18:50;20:10;LUNES;2024-01-08;2024-12-30;413;HOGWARTS - TORRE B;S;4010;NO
227;2024-02;HOGWARTS;GH14444;30;S;VESPERTINO;21;17;20:15;21:35;LUNES;2024-01-08;2024-12-30;413;HOGWARTS - TORRE B;S;4010;NO
228;2024-02;BEAUXBATON;GH14444;210;S;DIURNO;43;42;14:15;15:35;JUEVES;2024-01-08;2024-12-30;513 (H);BEAUXBATON - EDIFICIO B;S;4010;NO
229;2024-02;BEAUXBATON;GH14444;210;S;DIURNO;43;42;15:45;17:05;JUEVES;2024-01-08;2024-12-30;513 (H);BEAUXBATON - EDIFICIO B;S;4010;NO
230;2024-02;BEAUXBATON;GH14444;220;S;DIURNO;20;6;11:15;12:35;VIERNES;2024-01-08;2024-12-30;202;BEAUXBATON - EDIFICIO A;;4010;NO
231;2024-02;BEAUXBATON;GH14444;220;S;DIURNO;20;6;12:45;14:05;VIERNES;2024-01-08;2024-12-30;202;BEAUXBATON - EDIFICIO A;;4010;NO
232;2024-02;BEAUXBATON;HP14460;210;S;DIURNO;35;32;15:45;17:05;MIÉRCOLES;2024-01-08;2024-12-31;514;BEAUXBATON - EDIFICIO B;S;4010;NO
233;2024-02;BEAUXBATON;HP14460;210;S;DIURNO;35;32;17:15;18:35;MIÉRCOLES;2024-01-08;2024-12-31;514;BEAUXBATON - EDIFICIO B;S;4010;NO
234;2024-02;HOGWARTS;PH110059;50;S;DIURNO;37;37;14:15;15:35;JUEVES;2024-01-08;2024-12-31;210;HOGWARTS - TORRE B;S;8020;NO
235;2024-02;HOGWARTS;PH110059;20;S;DIURNO;41;41;15:45;17:05;LUNES;2024-01-08;2024-12-30;211;HOGWARTS - TORRE B;S;8020;NO
236;2024-02;HOGWARTS;PH110059;10;S;DIURNO;42;42;14:15;15:35;LUNES;2024-01-08;2024-12-30;204;HOGWARTS - TORRE B;S;8020;NO
237;2024-02;HOGWARTS;PH110086;85;S;DIURNO;20;0;14:15;15:35;MARTES;2024-01-08;2024-12-31;65;HOGWARTS - TORRE  II;S;8020;NO
238;2024-02;HOGWARTS;PH110086;5;S;DIURNO;11;0;11:15;12:35;JUEVES;2024-01-08;2024-12-31;63;HOGWARTS - TORRE  II;S;8020;NO
239;2024-02;HOGWARTS;PH110086;70;S;DIURNO;51;0;11:15;12:35;MIÉRCOLES;2024-01-08;2024-12-31;;;;8020;NO
240;2024-02;HOGWARTS;PH110086;80;S;DIURNO;31;0;14:15;15:35;MIÉRCOLES;2024-01-08;2024-12-31;;;;8020;NO
241;2024-02;HOGWARTS;WH233404;20;S;DIURNO;35;30;14:15;15:35;VIERNES;2024-01-08;2024-12-30;412;HOGWARTS - TORRE B;S;6012;NO
242;2024-02;HOGWARTS;WH233404;20;S;DIURNO;35;30;15:45;17:05;VIERNES;2024-01-08;2024-12-30;412;HOGWARTS - TORRE B;S;6012;NO
243;2024-02;HOGWARTS;WH233404;10;S;DIURNO;35;35;09:45;11:05;LUNES;2024-01-08;2024-12-30;203;HOGWARTS - TORRE D;S;6012;NO
244;2024-02;HOGWARTS;WH233404;10;S;DIURNO;35;35;11:15;12:35;LUNES;2024-01-08;2024-12-30;203;HOGWARTS - TORRE D;S;6012;NO
245;2024-02;BEAUXBATON;WH233404;210;S;DIURNO;35;29;08:15;09:35;LUNES;2024-01-08;2024-12-30;507 (H);BEAUXBATON - EDIFICIO B;S;6012;NO
246;2024-02;BEAUXBATON;WH233404;210;S;DIURNO;35;29;09:45;11:05;LUNES;2024-01-08;2024-12-30;507 (H);BEAUXBATON - EDIFICIO B;S;6012;NO
247;2024-02;BEAUXBATON;WH233405;210;S;DIURNO;30;25;08:15;09:35;MARTES;2024-01-08;2024-12-30;408 (H);BEAUXBATON - EDIFICIO B;S;6012;NO
248;2024-02;BEAUXBATON;WH233405;210;S;DIURNO;30;25;09:45;11:05;MARTES;2024-01-08;2024-12-30;408 (H);BEAUXBATON - EDIFICIO B;S;6012;NO
249;2024-02;HOGWARTS;WH233405;10;S;DIURNO;35;34;09:45;11:05;JUEVES;2024-01-08;2024-12-30;209 (H);HOGWARTS - TORRE B;S;6012;NO
250;2024-02;HOGWARTS;WH233405;10;S;DIURNO;35;34;11:15;12:35;JUEVES;2024-01-08;2024-12-30;209 (H);HOGWARTS - TORRE B;S;6012;NO
251;2024-02;HOGWARTS;WH233410;40;S;DIURNO;37;35;12:45;14:05;JUEVES;2024-01-08;2024-12-30;316;HOGWARTS - TORRE B;S;9010;NO
252;2024-02;HOGWARTS;WH233410;40;S;DIURNO;37;35;12:45;14:05;VIERNES;2024-01-08;2024-12-30;316;HOGWARTS - TORRE B;S;9010;NO
253;2024-02;HOGWARTS;WH233410;50;S;DIURNO;45;29;14:15;15:35;LUNES;2024-01-08;2024-12-30;415;HOGWARTS - TORRE B;S;9010;NO
254;2024-02;HOGWARTS;WH233410;50;S;DIURNO;45;29;15:45;17:05;LUNES;2024-01-08;2024-12-30;415;HOGWARTS - TORRE B;S;9010;NO
255;2024-02;HOGWARTS;WH233410;10;S;DIURNO;42;42;12:45;14:05;LUNES;2024-01-08;2024-12-30;204;HOGWARTS - TORRE D;S;9010;NO
256;2024-02;HOGWARTS;WH233410;10;S;DIURNO;42;42;12:45;14:05;MARTES;2024-01-08;2024-12-30;204;HOGWARTS - TORRE D;S;9010;NO
257;2024-02;HOGWARTS;WH233410;20;S;DIURNO;42;42;12:45;14:05;LUNES;2024-01-08;2024-12-30;308 (H);HOGWARTS - ;S;9010;NO
258;2024-02;HOGWARTS;WH233410;20;S;DIURNO;42;42;12:45;14:05;MARTES;2024-01-08;2024-12-30;308 (H);HOGWARTS - ;S;9010;NO
259;2024-02;BEAUXBATON;WH233410;220;S;DIURNO;46;46;11:15;12:35;MARTES;2024-01-08;2024-12-30;301;BEAUXBATON - EDIFICIO B;S;9010;NO
260;2024-02;BEAUXBATON;WH233410;220;S;DIURNO;46;46;12:45;14:05;MARTES;2024-01-08;2024-12-30;301;BEAUXBATON - EDIFICIO B;S;9010;NO
261;2024-02;BEAUXBATON;WH236002;210;S;DIURNO;30;25;11:15;12:35;MARTES;2024-01-08;2024-12-30;408 (H);BEAUXBATON - EDIFICIO B;S;6012;NO
262;2024-02;BEAUXBATON;WH236002;210;S;DIURNO;30;25;12:45;14:05;MARTES;2024-01-08;2024-12-30;408 (H);BEAUXBATON - EDIFICIO B;S;6012;NO
263;2024-02;BEAUXBATON;WH236003;230;S;DIURNO;10;10;08:15;09:35;JUEVES;2024-01-08;2024-12-30;410;BEAUXBATON - EDIFICIO B;S;6012;NO
264;2024-02;BEAUXBATON;WH236003;230;S;DIURNO;10;10;09:45;11:05;JUEVES;2024-01-08;2024-12-30;410;BEAUXBATON - EDIFICIO B;S;6012;NO
265;2024-02;HOGWARTS;WH236003;20;S;DIURNO;14;9;15:45;17:05;MIÉRCOLES;2024-01-08;2024-12-30;201;HOGWARTS - TORRE B;S;6012;NO
266;2024-02;HOGWARTS;WH236003;20;S;DIURNO;14;9;17:15;18:35;MIÉRCOLES;2024-01-08;2024-12-30;201;HOGWARTS - TORRE B;S;6012;NO
267;2024-02;HOGWARTS;WH236003;10;S;DIURNO;15;13;14:15;15:35;MARTES;2024-01-08;2024-12-30;412;HOGWARTS - TORRE B;S;6012;NO
268;2024-02;HOGWARTS;WH236003;10;S;DIURNO;15;13;15:45;17:05;MARTES;2024-01-08;2024-12-30;412;HOGWARTS - TORRE B;S;6012;NO
269;2024-02;HOGWARTS;WH236003;30;S;DIURNO;14;13;14:15;15:35;MARTES;2024-01-08;2024-12-30;416;HOGWARTS - TORRE B;S;6012;NO
270;2024-02;HOGWARTS;WH236003;30;S;DIURNO;14;13;15:45;17:05;MARTES;2024-01-08;2024-12-30;416;HOGWARTS - TORRE B;S;6012;NO
271;2024-02;BEAUXBATON;WH236008;210;S;DIURNO;32;26;14:15;15:35;MARTES;2024-01-08;2024-12-30;403;BEAUXBATON - EDIFICIO B;S;6012;NO
272;2024-02;BEAUXBATON;WH236008;210;S;DIURNO;32;26;15:45;17:05;MARTES;2024-01-08;2024-12-30;403;BEAUXBATON - EDIFICIO B;S;6012;NO
273;2024-02;HOGWARTS;WH236008;10;S;DIURNO;30;25;14:15;15:35;JUEVES;2024-01-08;2024-12-30;317;HOGWARTS - TORRE B;S;6012;NO
274;2024-02;HOGWARTS;WH236008;10;S;DIURNO;30;25;15:45;17:05;JUEVES;2024-01-08;2024-12-30;317;HOGWARTS - TORRE B;S;6012;NO
275;2024-02;HOGWARTS;WH236010;20;S;DIURNO;15;8;09:45;11:05;LUNES;2024-01-08;2024-12-30;302;HOGWARTS - TORRE B;S;6012;NO
276;2024-02;HOGWARTS;WH236010;20;S;DIURNO;15;8;11:15;12:35;LUNES;2024-01-08;2024-12-30;302;HOGWARTS - TORRE B;S;6012;NO
277;2024-02;HOGWARTS;WH236010;40;S;DIURNO;15;9;09:45;11:05;LUNES;2024-01-08;2024-12-30;205;HOGWARTS - TORRE B;S;6012;NO
278;2024-02;HOGWARTS;WH236010;40;S;DIURNO;15;9;11:15;12:35;LUNES;2024-01-08;2024-12-30;205;HOGWARTS - TORRE B;S;6012;NO
279;2024-02;HOGWARTS;WH236010;10;S;DIURNO;15;13;09:45;11:05;LUNES;2024-01-08;2024-12-30;304;HOGWARTS - TORRE B;S;6012;NO
280;2024-02;HOGWARTS;WH236010;10;S;DIURNO;15;13;11:15;12:35;LUNES;2024-01-08;2024-12-30;304;HOGWARTS - TORRE B;S;6012;NO
281;2024-02;BEAUXBATON;WH236010;210;S;DIURNO;10;10;14:15;15:35;MIÉRCOLES;2024-01-08;2024-12-30;404;BEAUXBATON - EDIFICIO B;S;6012;NO
282;2024-02;BEAUXBATON;WH236010;210;S;DIURNO;10;10;15:45;17:05;MIÉRCOLES;2024-01-08;2024-12-30;404;BEAUXBATON - EDIFICIO B;S;6012;NO
283;2024-02;BEAUXBATON;WH236010;230;S;DIURNO;10;8;17:15;18:35;MIÉRCOLES;2024-01-08;2024-12-31;404;BEAUXBATON - EDIFICIO B;S;6012;NO
284;2024-02;BEAUXBATON;WH236010;230;S;DIURNO;10;8;18:50;20:10;MIÉRCOLES;2024-01-08;2024-12-31;404;BEAUXBATON - EDIFICIO B;S;6012;NO
285;2024-02;BEAUXBATON;WH236011;210;S;DIURNO;32;26;14:15;15:35;JUEVES;2024-01-08;2024-12-30;Lab 1;BEAUXBATON - EDIFICIO A;S;6012;NO
286;2024-02;BEAUXBATON;WH236011;210;S;DIURNO;32;26;15:45;17:05;JUEVES;2024-01-08;2024-12-30;Lab 1;BEAUXBATON - EDIFICIO A;S;6012;NO
287;2024-02;HOGWARTS;WH236012;20;S;DIURNO;30;26;09:45;11:05;VIERNES;2024-01-08;2024-12-30;306;HOGWARTS - TORRE D;S;6012;NO
288;2024-02;HOGWARTS;WH236012;20;S;DIURNO;30;26;11:15;12:35;VIERNES;2024-01-08;2024-12-30;306;HOGWARTS - TORRE D;S;6012;NO
289;2024-02;BEAUXBATON;WH236012;210;S;DIURNO;32;25;14:15;15:35;VIERNES;2024-01-08;2024-12-30;506;BEAUXBATON - EDIFICIO B;S;6012;NO
290;2024-02;BEAUXBATON;WH236012;210;S;DIURNO;32;25;15:45;17:05;VIERNES;2024-01-08;2024-12-30;506;BEAUXBATON - EDIFICIO B;S;6012;NO
291;2024-02;HOGWARTS;WH236019;10;S;DIURNO;25;9;09:45;11:05;VIERNES;2024-01-08;2024-12-30;302;HOGWARTS - ;S;6012;NO
292;2024-02;HOGWARTS;WH236019;10;S;DIURNO;25;9;11:15;12:35;VIERNES;2024-01-08;2024-12-30;302;HOGWARTS - ;S;6012;NO
293;2024-02;BEAUXBATON;WH236020;210;S;DIURNO;15;13;08:15;09:35;MARTES;2024-01-08;2024-12-30;501;BEAUXBATON - EDIFICIO B;S;6012;NO
294;2024-02;BEAUXBATON;WH236020;210;S;DIURNO;15;13;09:45;11:05;MARTES;2024-01-08;2024-12-30;501;BEAUXBATON - EDIFICIO B;S;6012;NO
295;2024-02;BEAUXBATON;WH236024;210;S;DIURNO;15;13;11:15;12:35;MARTES;2024-01-08;2024-12-30;405;BEAUXBATON - EDIFICIO B;S;6012;NO
296;2024-02;BEAUXBATON;WH236024;210;S;DIURNO;15;13;12:45;14:05;MARTES;2024-01-08;2024-12-30;405;BEAUXBATON - EDIFICIO B;S;6012;NO
297;2024-02;HOGWARTS;WH236024;10;S;DIURNO;25;9;09:45;11:05;JUEVES;2024-01-08;2024-12-30;404;HOGWARTS - TORRE B;S;6012;NO
298;2024-02;HOGWARTS;WH236024;10;S;DIURNO;25;9;11:15;12:35;JUEVES;2024-01-08;2024-12-30;404;HOGWARTS - TORRE B;S;6012;NO
299;2024-02;BEAUXBATON;WH236030;210;S;DIURNO;17;14;08:15;09:35;MARTES;2024-01-08;2024-12-30;402;BEAUXBATON - EDIFICIO B;S;6012;NO
300;2024-02;BEAUXBATON;WH236030;210;S;DIURNO;17;14;09:45;11:05;MARTES;2024-01-08;2024-12-30;402;BEAUXBATON - EDIFICIO B;S;6012;NO
301;2024-02;HOGWARTS;WH236030;10;S;DIURNO;25;23;09:45;11:05;LUNES;2024-01-08;2024-12-30;208;HOGWARTS - TORRE D;S;6012;NO
302;2024-02;HOGWARTS;WH236030;10;S;DIURNO;25;23;11:15;12:35;LUNES;2024-01-08;2024-12-30;208;HOGWARTS - TORRE D;S;6012;NO
303;2024-02;BEAUXBATON;WH236031;210;S;DIURNO;8;6;11:15;12:35;JUEVES;2024-01-08;2024-12-30;402;BEAUXBATON - EDIFICIO B;S;6012;NO
304;2024-02;BEAUXBATON;WH236031;210;S;DIURNO;8;6;12:45;14:05;JUEVES;2024-01-08;2024-12-30;402;BEAUXBATON - EDIFICIO B;S;6012;NO
305;2024-02;HOGWARTS;WH236032;10;S;DIURNO;25;20;09:45;11:05;MARTES;2024-01-08;2024-12-30;303;HOGWARTS - TORRE D;S;6012;NO
306;2024-02;HOGWARTS;WH236032;10;S;DIURNO;25;20;11:15;12:35;MARTES;2024-01-08;2024-12-30;303;HOGWARTS - TORRE D;S;6012;NO
307;2024-02;BEAUXBATON;WH236033;210;S;DIURNO;17;16;08:15;09:35;MIÉRCOLES;2024-01-08;2024-12-30;407;BEAUXBATON - EDIFICIO B;S;6012;NO
308;2024-02;BEAUXBATON;WH236033;210;S;DIURNO;17;16;09:45;11:05;MIÉRCOLES;2024-01-08;2024-12-30;407;BEAUXBATON - EDIFICIO B;S;6012;NO
309;2024-02;HOGWARTS;WH236033;10;S;DIURNO;25;20;14:15;15:35;JUEVES;2024-01-08;2024-12-30;404;HOGWARTS - TORRE B;S;6012;NO
310;2024-02;HOGWARTS;WH236033;10;S;DIURNO;25;20;15:45;17:05;JUEVES;2024-01-08;2024-12-30;404;HOGWARTS - TORRE B;S;6012;NO
311;2024-02;BEAUXBATON;WH236036;220;S;DIURNO;8;8;14:15;15:35;MARTES;2024-01-08;2024-12-30;506;BEAUXBATON - EDIFICIO B;S;6012;NO
312;2024-02;BEAUXBATON;WH236036;220;S;DIURNO;8;8;15:45;17:05;MARTES;2024-01-08;2024-12-30;506;BEAUXBATON - EDIFICIO B;S;6012;NO
313;2024-02;HOGWARTS;WH236036;50;S;DIURNO;10;3;09:45;11:05;MIÉRCOLES;2024-01-08;2024-12-30;202;HOGWARTS - TORRE B;S;6012;NO
314;2024-02;HOGWARTS;WH236036;50;S;DIURNO;10;3;11:15;12:35;MIÉRCOLES;2024-01-08;2024-12-30;202;HOGWARTS - TORRE B;S;6012;NO
315;2024-02;BEAUXBATON;WH236036;210;S;DIURNO;8;7;14:15;15:35;JUEVES;2024-01-08;2024-12-30;NO NECESITA SALA;BEAUXBATON - EDIFICIO A;S;6012;NO
316;2024-02;BEAUXBATON;WH236036;210;S;DIURNO;8;7;15:45;17:05;JUEVES;2024-01-08;2024-12-30;NO NECESITA SALA;BEAUXBATON - EDIFICIO A;S;6012;NO
317;2024-02;HOGWARTS;WH236037;20;S;DIURNO;10;3;14:15;15:35;MARTES;2024-01-08;2024-12-30;204;HOGWARTS - TORRE B;S;6012;NO
318;2024-02;HOGWARTS;WH236037;20;S;DIURNO;10;3;15:45;17:05;MARTES;2024-01-08;2024-12-30;204;HOGWARTS - TORRE B;S;6012;NO
319;2024-02;BEAUXBATON;WH236037;210;S;DIURNO;8;8;14:15;15:35;LUNES;2024-01-08;2024-12-30;NO NECESITA SALA;BEAUXBATON - EDIFICIO A;S;6012;NO
320;2024-02;BEAUXBATON;WH236037;210;S;DIURNO;8;8;15:45;17:05;LUNES;2024-01-08;2024-12-30;NO NECESITA SALA;BEAUXBATON - EDIFICIO A;S;6012;NO
321;2024-02;BEAUXBATON;WH236037;220;S;DIURNO;8;5;14:15;15:35;VIERNES;2024-01-08;2024-12-30;NO NECESITA SALA;BEAUXBATON - EDIFICIO A;S;6012;NO
322;2024-02;BEAUXBATON;WH236037;220;S;DIURNO;8;5;15:45;17:05;VIERNES;2024-01-08;2024-12-30;NO NECESITA SALA;BEAUXBATON - EDIFICIO A;S;6012;NO
