2024-02|hogwarts|PH110086|75|S|Diurno|31|0|11:15|12:35|miércoles|01/08/24|31/12/24|Lab1|HOGWARTS - |S|8020|POR|DESIGNAR
2024-02|hogwarts|PH110086|50|S|Diurno|26|0|15:45|17:05|jueves|01/08/24|31/12/24|22|HOGWARTS - TORRE  II|S|8020|POR|DESIGNAR
2024-02|hogwarts|PH110086|30|S|Diurno|13|0|09:45|11:05|miércoles|01/08/24|31/12/24| 305 (H)|HOGWARTS - TORRE  I|S|8020|POR|DESIGNAR
2024-02|hogwarts|PH110086|35|S|Diurno|10|0|11:15|12:35|jueves|01/08/24|31/12/24|44|HOGWARTS - TORRE  II|S|8020|POR|DESIGNAR
2024-02|hogwarts|PH110086|45|S|Diurno|9|0|14:15|15:35|martes|01/08/24|31/12/24|56|HOGWARTS - TORRE  II|S|8020|POR|DESIGNAR
2024-02|hogwarts|PH110086|10|S|Diurno|46|0|12:45|14:05|martes|01/08/24|31/12/24|315|HOGWARTS - TORRE B|S|8020|POR|DESIGNAR
2024-02|Beauxbaton|GH13458|230|S|Diurno|57|57|09:45|11:05|jueves|01/08/24|30/12/24|102 (H)|BEAUXBATON - EDIFICIO A|S|4010|POR|DESIGNAR
2024-02|Beauxbaton|GH13458|230|S|Diurno|57|57|11:15|12:35|jueves|01/08/24|30/12/24|102 (H)|BEAUXBATON - EDIFICIO A|S|4010|POR|DESIGNAR
2024-02|Beauxbaton|GH13458|230|S|Diurno|57|57|12:45|14:05|jueves|01/08/24|30/12/24|102 (H)|BEAUXBATON - EDIFICIO A|S|4010|POR|DESIGNAR
2024-02|Beauxbaton|GH24441|210|S|Diurno|30|23|15:45|17:05|lunes|01/08/24|30/12/24|401 (H)|BEAUXBATON - EDIFICIO B|S|4010|POR|DESIGNAR
2024-02|Beauxbaton|GH24441|210|S|Diurno|30|23|17:15|18:35|lunes|01/08/24|30/12/24|401 (H)|BEAUXBATON - EDIFICIO B|S|4010|POR|DESIGNAR
2024-02|hogwarts|WH236002|20|S|Diurno|35|32|09:45|11:05|martes|01/08/24|30/12/24|AULA B (H)|HOGWARTS - |S|6012|DESIGNAR|POR
2024-02|hogwarts|WH236002|20|S|Diurno|35|32|11:15|12:35|martes|01/08/24|30/12/24|AULA B (H)|HOGWARTS - |S|6012|DESIGNAR|POR
2024-02|hogwarts|GH13458|40|S|Vespertino|35|32|18:50|20:10|jueves|01/08/24|30/12/24|311|HOGWARTS - TORRE B|S|6666666|Voldemort|SeñorOscuro
2024-02|hogwarts|GH13458|40|S|Vespertino|35|32|20:15|21:35|jueves|01/08/24|30/12/24|311|HOGWARTS - TORRE B|S|6666666|Voldemort|SeñorOscuro
2024-02|hogwarts|GH13458|40|S|Vespertino|35|32|21:40|23:00|jueves|01/08/24|30/12/24|311|HOGWARTS - TORRE B|S|6666666|Voldemort|SeñorOscuro
2024-02|hogwarts|GH23495|70|S|Vespertino|15|10|18:50|20:10|martes|01/08/24|30/12/24|207|AZKABAN|S|6666666|Voldemort|SeñorOscuro
2024-02|hogwarts|GH23495|70|S|Vespertino|15|10|20:15|21:35|martes|01/08/24|30/12/24|207|HOGWARTS - TORRE B|S|6666666|Voldemort|SeñorOscuro
2024-02|hogwarts|GH23495|70|S|Vespertino|15|10|21:40|23:00|martes|01/08/24|30/12/24|207|HOGWARTS - TORRE B|S|6666666|Voldemort|SeñorOscuro
2024-02|Beauxbaton|WH236009|210|S|Diurno|32|26|15:45|17:05|lunes|01/08/24|30/12/24|206|BEAUXBATON - EDIFICIO A|S|11262739|Alastor|Moody
2024-02|Beauxbaton|WH236009|210|S|Diurno|32|26|17:15|18:35|lunes|01/08/24|30/12/24|206|BEAUXBATON - EDIFICIO A|S|11262739|Alastor|Moody
2024-02|hogwarts|GH13479|10|S|Diurno|50|30|08:15|09:35|martes|01/08/24|30/12/24|308 (H)|HOGWARTS - |S|12317173|Alastor|PITURRA 
2024-02|hogwarts|GH13479|10|S|Diurno|50|30|09:45|11:05|martes|01/08/24|30/12/24|308 (H)|HOGWARTS - |S|12317173|Alastor|PITURRA 
2024-02|hogwarts|GH13479|10|S|Diurno|50|30|11:15|12:35|martes|01/08/24|30/12/24|308 (H)|HOGWARTS - |S|12317173|Alastor|PITURRA 
2024-02|hogwarts|GH13467|30|S|Vespertino|40|33|18:50|20:10|martes|01/08/24|30/12/24|212|HOGWARTS - TORRE B|S|14003526|Albus|Dumbledore
2024-02|hogwarts|GH13467|30|S|Vespertino|40|33|20:15|21:35|martes|01/08/24|30/12/24|212|HOGWARTS - TORRE B|S|14003526|Albus|Dumbledore
2024-02|hogwarts|GH13467|30|S|Vespertino|40|33|21:40|23:00|martes|01/08/24|30/12/24|212|HOGWARTS - TORRE B|S|14003526|Albus|Dumbledore
2024-02|hogwarts|GH13467|20|S|Diurno|70|70|08:15|09:35|jueves|01/08/24|30/12/24|AULA D (H)|HOGWARTS - |S|14003526|Albus|Dumbledore
2024-02|hogwarts|GH13467|20|S|Diurno|70|70|09:45|11:05|jueves|01/08/24|30/12/24|AULA D (H)|HOGWARTS - |S|14003526|Albus|Dumbledore
2024-02|hogwarts|GH13467|20|S|Diurno|70|70|11:15|12:35|jueves|01/08/24|30/12/24|AULA D (H)|HOGWARTS - |S|14003526|Albus|Dumbledore
2024-02|Beauxbaton|WH236023|210|S|Diurno|15|13|08:15|09:35|miércoles|01/08/24|30/12/24|406|BEAUXBATON - EDIFICIO B|S|14436822|Alecto|Carrow
2024-02|Beauxbaton|WH236023|210|S|Diurno|15|13|09:45|11:05|miércoles|01/08/24|30/12/24|406|BEAUXBATON - EDIFICIO B|S|14436822|Alecto|Carrow
2024-02|hogwarts|WH23639|100|S|Vespertino|3|2|18:50|20:10|martes|01/08/24|31/12/24|4 (EX 113) SALA REUNION PÁRCEL|HOGWARTS - TORRE D|S|15137023|Alicia|Spinnet
2024-02|hogwarts|GH13459|10|S|Diurno|75|75|08:15|09:35|lunes|01/08/24|30/12/24|AULA C (H)|HOGWARTS - |S|17663505|Amycus|Carrow
2024-02|hogwarts|GH13459|10|S|Diurno|75|75|09:45|11:05|lunes|01/08/24|30/12/24|AULA C (H)|HOGWARTS - |S|17663505|Amycus|Carrow
2024-02|hogwarts|GH13459|10|S|Diurno|75|75|11:15|12:35|lunes|01/08/24|30/12/24|AULA C (H)|HOGWARTS - |S|17663505|Amycus|Carrow
2024-02|Beauxbaton|GH23495|220|S|Diurno|33|14|14:15|15:35|viernes|01/08/24|30/12/24|207|BEAUXBATON - EDIFICIO A|S|17932239|Angelina|Johnson
2024-02|Beauxbaton|GH23495|220|S|Diurno|33|14|15:45|17:05|viernes|01/08/24|30/12/24|207|BEAUXBATON - EDIFICIO A|S|17932239|Angelina|Johnson
2024-02|Beauxbaton|GH23495|220|S|Diurno|33|14|17:15|18:35|viernes|01/08/24|30/12/24|207|BEAUXBATON - EDIFICIO A|S|17932239|Angelina|Johnson
2024-02|Beauxbaton|HP14091|210|S|Diurno|43|41|15:45|17:05|miércoles|01/08/24|31/12/24|509|BEAUXBATON - EDIFICIO B|S|17932239|Angelina|Johnson
2024-02|Beauxbaton|HP14091|210|S|Diurno|43|41|17:15|18:35|miércoles|01/08/24|31/12/24|509|BEAUXBATON - EDIFICIO B|S|17932239|Angelina|Johnson
2024-02|Beauxbaton|WH233410|260|S|Diurno|40|28|11:15|12:35|martes|01/08/24|31/12/24|310|BEAUXBATON - EDIFICIO B|S|18130777|Anthony|Goldstein
2024-02|Beauxbaton|WH233410|260|S|Diurno|40|28|12:45|14:05|martes|01/08/24|31/12/24|310|BEAUXBATON - EDIFICIO B|S|18130777|Anthony|Goldstein
2024-02|Beauxbaton|GH13467|210|S|Diurno|55|55|08:15|09:35|lunes|01/08/24|30/12/24|207|BEAUXBATON - EDIFICIO A|S|19277242|Argus|Filch
2024-02|Beauxbaton|GH13467|210|S|Diurno|55|55|09:45|11:05|lunes|01/08/24|30/12/24|207|BEAUXBATON - EDIFICIO A|S|19277242|Argus|Filch
2024-02|Beauxbaton|GH13467|210|S|Diurno|55|55|11:15|12:35|lunes|01/08/24|30/12/24|207|BEAUXBATON - EDIFICIO A|S|19277242|Argus|Filch
2024-02|Beauxbaton|GH13479|210|S|Diurno|50|47|08:15|09:35|jueves|01/08/24|30/12/24|207|BEAUXBATON - EDIFICIO A|S|19277242|Argus|Filch
2024-02|Beauxbaton|GH13479|210|S|Diurno|50|47|09:45|11:05|jueves|01/08/24|30/12/24|207|BEAUXBATON - EDIFICIO A|S|19277242|Argus|Filch
2024-02|Beauxbaton|GH13479|210|S|Diurno|50|47|11:15|12:35|jueves|01/08/24|30/12/24|207|BEAUXBATON - EDIFICIO A|S|19277242|Argus|Filch
2024-02|hogwarts|WH236009|10|S|Diurno|30|13|14:15|15:35|viernes|01/08/24|30/12/24|312|HOGWARTS - TORRE B|S|20117761|Arthur|Weasley
2024-02|hogwarts|WH236009|10|S|Diurno|30|13|15:45|17:05|viernes|01/08/24|30/12/24|312|HOGWARTS - TORRE B|S|20117761|Arthur|Weasley
2024-02|hogwarts|GH13461|20|S|Vespertino|40|12|18:50|20:10|martes|01/08/24|30/12/24|213|HOGWARTS - TORRE B|S|23715659|Aurora|Sinistra
2024-02|hogwarts|GH13461|20|S|Vespertino|40|12|20:15|21:35|martes|01/08/24|30/12/24|213|HOGWARTS - TORRE B|S|23715659|Aurora|Sinistra
2024-02|hogwarts|GH13461|20|S|Vespertino|40|12|21:40|23:00|martes|01/08/24|30/12/24|213|HOGWARTS - TORRE B|S|23715659|Aurora|Sinistra
2024-02|hogwarts|GH13461|10|S|Diurno|70|64|08:15|09:35|miércoles|01/08/24|30/12/24|AULA A (H)|HOGWARTS - |S|23715659|Aurora|Sinistra
2024-02|hogwarts|GH13461|10|S|Diurno|70|64|09:45|11:05|miércoles|01/08/24|30/12/24|AULA A (H)|HOGWARTS - |S|23715659|Aurora|Sinistra
2024-02|hogwarts|GH13461|10|S|Diurno|70|64|11:15|12:35|miércoles|01/08/24|30/12/24|AULA A (H)|HOGWARTS - |S|23715659|Aurora|Sinistra
2024-02|hogwarts|WH236003|50|S|Diurno|30|17|14:15|15:35|martes|01/08/24|30/12/24|306|HOGWARTS - TORRE D|S|26287315|Bathsheda|Babbling
2024-02|hogwarts|WH236003|50|S|Diurno|30|17|15:45|17:05|martes|01/08/24|30/12/24|306|HOGWARTS - TORRE D|S|26287315|Bathsheda|Babbling
2024-02|hogwarts|HW13977|10|S|Diurno|42|39|11:15|12:35|viernes|01/08/24|30/12/24|9 (H)|HOGWARTS - TORRE B|S|26800262|Bellatrix|Lestrange
2024-02|hogwarts|HW13977|10|S|Diurno|42|39|12:45|14:05|viernes|01/08/24|30/12/24|9 (H)|HOGWARTS - TORRE B|S|26800262|Bellatrix|Lestrange
2024-02|hogwarts|HP25151|20|S|Diurno|45|45|15:45|17:05|jueves|01/08/24|30/12/24|213|HOGWARTS - TORRE B|S|29097218|Blaise|Zabini
2024-02|hogwarts|HP25151|30|S|Vespertino|43|31|11:15|12:35|sábado|01/08/24|30/12/24|204|HOGWARTS - TORRE B|S|29097218|Blaise|Zabini
2024-02|hogwarts|HP25151|50|S|Diurno|44|44|14:15|15:35|martes|01/08/24|31/12/24|312|HOGWARTS - TORRE B|S|29097218|Blaise|Zabini
2024-02|hogwarts|HP25151|10|S|Diurno|43|43|14:15|15:35|lunes|01/08/24|30/12/24|313|HOGWARTS - TORRE B|S|29097218|Blaise|Zabini
2024-02|hogwarts|HP25151|40|S|Diurno|35|35|14:15|15:35|viernes|08/07/24|31/12/24|414|HOGWARTS - TORRE B|S|29097218|Blaise|Zabini
2024-02|hogwarts|WH23639|20|S|Diurno|40|34|09:45|11:05|viernes|01/08/24|31/12/24|204|HOGWARTS - TORRE D|S|30762778|Cedric|Diggory
2024-02|hogwarts|WH23639|20|S|Diurno|40|34|11:15|12:35|viernes|01/08/24|31/12/24|204|HOGWARTS - TORRE D|S|30762778|Cedric|Diggory
2024-02|Beauxbaton|WH23637|280|S|Diurno|59|48|11:15|12:35|jueves|01/08/24|30/12/24|310|BEAUXBATON - EDIFICIO B|S|33556399|Charity|Burbage
2024-02|Beauxbaton|WH23637|280|S|Diurno|59|48|12:45|14:05|jueves|01/08/24|30/12/24|310|BEAUXBATON - EDIFICIO B|S|33556399|Charity|Burbage
2024-02|Beauxbaton|WH23639|240|S|Diurno|49|37|08:15|09:35|jueves|01/08/24|30/12/24|207 (H)|BEAUXBATON - EDIFICIO B|S|33556399|Charity|Burbage
2024-02|Beauxbaton|WH23639|240|S|Diurno|49|37|09:45|11:05|jueves|01/08/24|30/12/24|207 (H)|BEAUXBATON - EDIFICIO B|S|33556399|Charity|Burbage
2024-02|Beauxbaton|WH23639|220|S|Diurno|45|35|11:15|12:35|miércoles|01/08/24|30/12/24|413 (H)|BEAUXBATON - EDIFICIO B|S|33556399|Charity|Burbage
2024-02|Beauxbaton|WH23639|220|S|Diurno|45|35|12:45|14:05|miércoles|01/08/24|30/12/24|413 (H)|BEAUXBATON - EDIFICIO B|S|33556399|Charity|Burbage
2024-02|Beauxbaton|WH233410|210|S|Diurno|50|38|11:15|12:35|martes|01/08/24|30/12/24|104|BEAUXBATON - EDIFICIO A|S|33556399|Charity|Burbage
2024-02|Beauxbaton|WH233410|210|S|Diurno|50|38|12:45|14:05|martes|01/08/24|30/12/24|104|BEAUXBATON - EDIFICIO A|S|33556399|Charity|Burbage
2024-02|hogwarts|HP25152|10|S|Diurno|40|40|09:45|11:05|martes|01/08/24|30/12/24|210|HOGWARTS - TORRE B|S|33977706|Cho|Chang
2024-02|hogwarts|HP25152|20|S|Diurno|42|42|11:15|12:35|martes|01/08/24|30/12/24|211|HOGWARTS - TORRE B|S|33977706|Cho|Chang
2024-02|hogwarts|HP25152|30|S|Diurno|41|41|12:45|14:05|martes|01/08/24|30/12/24|417|HOGWARTS - TORRE B|S|33977706|Cho|Chang
2024-02|Beauxbaton|HP25152|220|S|Diurno|37|37|14:15|15:35|viernes|01/08/24|30/12/24|510|BEAUXBATON - EDIFICIO B|S|36487208|Colin|Creevey
2024-02|Beauxbaton|HP25152|230|S|Diurno|37|37|15:45|17:05|viernes|01/08/24|30/12/24|510|BEAUXBATON - EDIFICIO B|S|36487208|Colin|Creevey
2024-02|Beauxbaton|HP25152|210|S|Diurno|37|37|15:45|17:05|miércoles|01/08/24|30/12/24|512|BEAUXBATON - EDIFICIO B|S|36487208|Colin|Creevey
2024-02|hogwarts|GH23494|30|S|Vespertino|15|6|18:50|20:10|viernes|01/08/24|30/12/24|204|HOGWARTS - TORRE B|S|36638287|Cormac|McLaggen
2024-02|hogwarts|GH23494|30|S|Vespertino|15|6|20:15|21:35|viernes|01/08/24|30/12/24|204|HOGWARTS - TORRE B|S|36638287|Cormac|McLaggen
2024-02|hogwarts|GH23494|30|S|Vespertino|15|6|21:40|23:00|viernes|01/08/24|30/12/24|204|HOGWARTS - TORRE B|S|36638287|Cormac|McLaggen
2024-02|hogwarts|GH23494|10|S|Diurno|20|18|08:15|09:35|jueves|01/08/24|30/12/24|304|HOGWARTS - TORRE B|S|36638287|Cormac|McLaggen
2024-02|hogwarts|GH23494|10|S|Diurno|20|18|09:45|11:05|jueves|01/08/24|30/12/24|304|HOGWARTS - TORRE B|S|36638287|Cormac|McLaggen
2024-02|hogwarts|GH23494|10|S|Diurno|20|18|11:15|12:35|jueves|01/08/24|30/12/24|304|HOGWARTS - TORRE B|S|36638287|Cormac|McLaggen
2024-02|hogwarts|WH236031|20|S|Diurno|13|7|09:45|11:05|viernes|01/08/24|30/12/24|207|HOGWARTS - TORRE B|S|37452082|Cornelius|Fudge
2024-02|hogwarts|WH236031|20|S|Diurno|13|7|11:15|12:35|viernes|01/08/24|30/12/24|207|HOGWARTS - TORRE B|S|37452082|Cornelius|Fudge
2024-02|hogwarts|GH13509|50|S|Diurno|20|7|08:15|09:35|miércoles|01/08/24|30/12/24|AULA C (H)|HOGWARTS - |S|38307076|Cuthbert|Binns
2024-02|hogwarts|GH13509|50|S|Diurno|20|7|09:45|11:05|miércoles|01/08/24|30/12/24|AULA C (H)|HOGWARTS - |S|38307076|Cuthbert|Binns
2024-02|hogwarts|GH13509|50|S|Diurno|20|7|11:15|12:35|miércoles|01/08/24|30/12/24|AULA C (H)|HOGWARTS - |S|38307076|Cuthbert|Binns
2024-02|Beauxbaton|WH236019|210|S|Diurno|15|13|11:15|12:35|lunes|01/08/24|30/12/24|505|BEAUXBATON - EDIFICIO B|S|38410052|Daphne|Greengrass
2024-02|Beauxbaton|WH236019|210|S|Diurno|15|13|12:45|14:05|lunes|01/08/24|30/12/24|505|BEAUXBATON - EDIFICIO B|S|38410052|Daphne|Greengrass
2024-02|Beauxbaton|WH236032|210|S|Diurno|17|15|11:15|12:35|martes|01/08/24|30/12/24|Library|BEAUXBATON - EDIFICIO A|S|38410052|Daphne|Greengrass
2024-02|Beauxbaton|WH236032|210|S|Diurno|17|15|12:45|14:05|martes|01/08/24|30/12/24|Library|BEAUXBATON - EDIFICIO A|S|38410052|Daphne|Greengrass
2024-02|hogwarts|WH236011|10|S|Diurno|30|30|09:45|11:05|martes|01/08/24|30/12/24|AULA E|HOGWARTS - |S|41647869|Dean|Thomas
2024-02|hogwarts|WH236011|10|S|Diurno|30|30|11:15|12:35|martes|01/08/24|30/12/24|AULA E|HOGWARTS - |S|41647869|Dean|Thomas
2024-02|hogwarts|WH236011|20|S|Diurno|30|11|14:15|15:35|martes|01/08/24|30/12/24|AULA E|HOGWARTS - |S|41647869|Dean|Thomas
2024-02|hogwarts|WH236011|20|S|Diurno|30|11|15:45|17:05|martes|01/08/24|30/12/24|AULA E|HOGWARTS - |S|41647869|Dean|Thomas
2024-02|hogwarts|GH13946|20|S|Vespertino|27|11|18:50|20:10|miércoles|01/08/24|30/12/24|209 (H)|HOGWARTS - TORRE B|S|44802483|Dennis|Creevey
2024-02|hogwarts|GH13946|20|S|Vespertino|27|11|20:15|21:35|miércoles|01/08/24|30/12/24|209 (H)|HOGWARTS - TORRE B|S|44802483|Dennis|Creevey
2024-02|hogwarts|GH13946|10|S|Diurno|20|17|15:45|17:05|miércoles|01/08/24|30/12/24|308|HOGWARTS - TORRE B|S|44802483|Dennis|Creevey
2024-02|hogwarts|GH13946|10|S|Diurno|20|17|17:15|18:35|miércoles|01/08/24|30/12/24|308|HOGWARTS - TORRE B|S|44802483|Dennis|Creevey
2024-02|hogwarts|GH13468|40|S|Vespertino|20|15|18:50|20:10|miércoles|01/08/24|30/12/24|216|HOGWARTS - TORRE B|S|45197848||
2024-02|hogwarts|GH13468|40|S|Vespertino|20|15|20:15|21:35|miércoles|01/08/24|30/12/24|216|HOGWARTS - TORRE B|S|45197848||
2024-02|hogwarts|GH13468|40|S|Vespertino|20|15|21:40|23:00|miércoles|01/08/24|30/12/24|216|HOGWARTS - TORRE B|S|45197848||
2024-02|hogwarts|PH110059|30|S|Diurno|42|42|15:45|17:05|martes|01/08/24|30/12/24|210|HOGWARTS - TORRE B|S|46423089|Dolores|Umbridge
2024-02|hogwarts|PH110059|40|S|Diurno|42|42|15:45|17:05|miércoles|01/08/24|30/12/24|205|HOGWARTS - TORRE B|S|46423089|Dolores|Umbridge
2024-02|hogwarts|PH110059|60|S|Diurno|35|32|14:15|15:35|martes|01/08/24|31/12/24|317|HOGWARTS - TORRE B|S|46423089|Dolores|Umbridge
2024-02|hogwarts|WH13143|30|I|Diurno|15|3|17:15|18:35|martes|01/08/24|30/12/24|306|HOGWARTS - TORRE B|S|46552732|Dolores|Umbridge
2024-02|hogwarts|WH13143|30|I|Diurno|15|3|18:50|20:10|martes|01/08/24|30/12/24|306|HOGWARTS - TORRE B|S|46552732|Dolores|Umbridge
2024-02|hogwarts|WH236003|40|S|Diurno|14|14|14:15|15:35|martes|01/08/24|30/12/24|103 (EX 116) (H)|HOGWARTS - TORRE D|S|46552732|Dolores|Umbridge
2024-02|hogwarts|WH236003|40|S|Diurno|14|14|15:45|17:05|martes|01/08/24|30/12/24|103 (EX 116) (H)|HOGWARTS - TORRE D|S|46552732|Dolores|Umbridge
2024-02|hogwarts|WH236021|10|S|Diurno|11|11|09:45|11:05|martes|01/08/24|30/12/24|205|HOGWARTS - TORRE B|S|46552732|Dolores|Umbridge
2024-02|hogwarts|WH236021|10|S|Diurno|11|11|11:15|12:35|martes|01/08/24|30/12/24|205|HOGWARTS - TORRE B|S|46552732|Dolores|Umbridge
2024-02|hogwarts|WH23637|70|S|Diurno|38|38|08:15|09:35|martes|01/08/24|30/12/24|416|HOGWARTS - TORRE B|S|47906343|Draco|Malfoy
2024-02|hogwarts|WH23637|70|S|Diurno|38|38|08:15|09:35|miércoles|01/08/24|30/12/24|416|HOGWARTS - TORRE B|S|47906343|Draco|Malfoy
2024-02|hogwarts|WH233410|60|S|Diurno|20|13|14:15|15:35|lunes|01/08/24|30/12/24|103 (EX 116) (H)|HOGWARTS - TORRE D|S|47906343|Draco|Malfoy
2024-02|hogwarts|WH233410|60|S|Diurno|20|13|15:45|17:05|lunes|01/08/24|30/12/24|103 (EX 116) (H)|HOGWARTS - TORRE D|S|47906343|Draco|Malfoy
2024-02|hogwarts|GH23492|20|S|Diurno|20|14|14:15|15:35|jueves|01/08/24|30/12/24|416|HOGWARTS - TORRE B|S|50846516|Dudley|Dursley
2024-02|hogwarts|GH23492|20|S|Diurno|20|14|15:45|17:05|jueves|01/08/24|30/12/24|416|HOGWARTS - TORRE B|S|50846516|Dudley|Dursley
2024-02|hogwarts|GH23492|20|S|Diurno|20|14|17:15|18:35|jueves|01/08/24|30/12/24|416|HOGWARTS - TORRE B|S|50846516|Dudley|Dursley
2024-02|hogwarts|GH13509|70|S|Vespertino|16|3|18:50|20:10|jueves|01/08/24|30/12/24|201|HOGWARTS - TORRE B|S|50846516|Dudley|Dursley
2024-02|hogwarts|GH13509|70|S|Vespertino|16|3|20:15|21:35|jueves|01/08/24|30/12/24|201|HOGWARTS - TORRE B|S|50846516|Dudley|Dursley
2024-02|hogwarts|GH13509|70|S|Vespertino|16|3|21:40|23:00|jueves|01/08/24|30/12/24|201|HOGWARTS - TORRE B|S|50846516|Dudley|Dursley
2024-02|hogwarts|GH13509|40|S|Diurno|20|17|08:15|09:35|miércoles|01/08/24|30/12/24|405|HOGWARTS - TORRE B|S|50846516|Dudley|Dursley
2024-02|hogwarts|GH13509|40|S|Diurno|20|17|09:45|11:05|miércoles|01/08/24|30/12/24|405|HOGWARTS - TORRE B|S|50846516|Dudley|Dursley
2024-02|hogwarts|GH13509|40|S|Diurno|20|17|11:15|12:35|miércoles|01/08/24|30/12/24|405|HOGWARTS - TORRE B|S|50846516|Dudley|Dursley
2024-02|Beauxbaton|GH13467|220|S|Diurno|55|51|14:15|15:35|martes|01/08/24|30/12/24|102 (H)|BEAUXBATON - EDIFICIO A|S|52199394|Ernie|Macmillan
2024-02|Beauxbaton|GH13467|220|S|Diurno|55|51|15:45|17:05|martes|01/08/24|30/12/24|102 (H)|BEAUXBATON - EDIFICIO A|S|52199394|Ernie|Macmillan
2024-02|Beauxbaton|GH13467|220|S|Diurno|55|51|17:15|18:35|martes|01/08/24|30/12/24|102 (H)|BEAUXBATON - EDIFICIO A|S|52199394|Ernie|Macmillan
2024-02|Beauxbaton|WH23637|250|S|Diurno|45|25|11:15|12:35|jueves|01/08/24|30/12/24|410|BEAUXBATON - EDIFICIO B|S|54966881|Filius|Flitwick
2024-02|Beauxbaton|WH23637|250|S|Diurno|45|25|12:45|14:05|jueves|01/08/24|30/12/24|410|BEAUXBATON - EDIFICIO B|S|54966881|Filius|Flitwick
2024-02|Beauxbaton|WH23637|270|S|Diurno|49|47|11:15|12:35|lunes|01/08/24|30/12/24|508|BEAUXBATON - EDIFICIO B|S|54966881|Filius|Flitwick
2024-02|Beauxbaton|WH23637|270|S|Diurno|49|47|12:45|14:05|lunes|01/08/24|30/12/24|508|BEAUXBATON - EDIFICIO B|S|54966881|Filius|Flitwick
2024-02|Beauxbaton|WH23637|210|S|Diurno|48|47|11:15|12:35|martes|01/08/24|30/12/24|413 (H)|BEAUXBATON - EDIFICIO B|S|54966881|Filius|Flitwick
2024-02|Beauxbaton|WH23637|240|S|Diurno|45|45|08:15|09:35|miércoles|01/08/24|30/12/24|507 (H)|BEAUXBATON - EDIFICIO B|S|54966881|Filius|Flitwick
2024-02|Beauxbaton|WH23637|240|S|Diurno|45|45|09:45|11:05|miércoles|01/08/24|30/12/24|507 (H)|BEAUXBATON - EDIFICIO B|S|54966881|Filius|Flitwick
2024-02|Beauxbaton|WH23637|210|S|Diurno|48|47|11:15|12:35|miércoles|01/08/24|30/12/24|AUDITORIO 1 (H) |BEAUXBATON - EDIFICIO A|S|54966881|Filius|Flitwick
2024-02|Beauxbaton|WH233410|240|S|Diurno|45|26|17:15|18:35|martes|01/08/24|30/12/24|408 (H)|BEAUXBATON - EDIFICIO B|S|54966881|Filius|Flitwick
2024-02|Beauxbaton|WH233410|240|S|Diurno|45|26|18:50|20:10|martes|01/08/24|30/12/24|408 (H)|BEAUXBATON - EDIFICIO B|S|54966881|Filius|Flitwick
2024-02|hogwarts|GH23494|20|S|Diurno|18|8|14:15|15:35|lunes|01/08/24|30/12/24|302|HOGWARTS - TORRE B|S|55077408|Firenze|0
2024-02|hogwarts|GH23494|20|S|Diurno|18|8|15:35|17:05|lunes|01/08/24|30/12/24|302|HOGWARTS - TORRE B|S|55077408|Firenze|0
2024-02|hogwarts|GH23494|20|S|Diurno|18|8|17:15|18:35|lunes|01/08/24|30/12/24|302|HOGWARTS - TORRE B|S|55077408|Firenze|0
2024-02|hogwarts|GH23495|40|S|Diurno|20|20|08:15|09:35|martes|01/08/24|30/12/24|207|HOGWARTS - TORRE D|S|55310052|Fleur|Delacour
2024-02|hogwarts|GH23495|40|S|Diurno|20|20|09:45|11:05|martes|01/08/24|30/12/24|207|HOGWARTS - TORRE D|S|55310052|Fleur|Delacour
2024-02|hogwarts|GH23495|40|S|Diurno|20|20|11:15|12:35|martes|01/08/24|30/12/24|207|HOGWARTS - TORRE D|S|55310052|Fleur|Delacour
2024-02|hogwarts|HP24090|10|S|Diurno|20|19|08:15|09:35|viernes|01/08/24|30/12/24|209 (H)|HOGWARTS - TORRE B|S|55310052|Fleur|Delacour
2024-02|hogwarts|HP24090|10|S|Diurno|20|19|09:45|11:05|viernes|01/08/24|30/12/24|209 (H)|HOGWARTS - TORRE B|S|55310052|Fleur|Delacour
2024-02|hogwarts|GH24441|20|S|Vespertino|30|12|18:50|20:10|jueves|01/08/24|30/12/24|410|HOGWARTS - TORRE B|S|55310052|Fleur|Delacour
2024-02|hogwarts|GH24441|20|S|Vespertino|30|12|20:15|21:35|jueves|01/08/24|30/12/24|410|HOGWARTS - TORRE B|S|55310052|Fleur|Delacour
2024-02|hogwarts|PH110086|40|S|Diurno|44|0|12:45|14:05|viernes|01/08/24|31/12/24|39|HOGWARTS - TORRE  II|S|55813714|Fred|Weasley
2024-02|hogwarts|GH13457|30|S|Diurno|75|75|14:15|15:35|lunes|01/08/24|30/12/24|AULA D (H)|HOGWARTS - |S|56320673|George|Weasley
2024-02|hogwarts|GH13457|30|S|Diurno|75|75|15:45|17:05|lunes|01/08/24|30/12/24|AULA D (H)|HOGWARTS - |S|56320673|George|Weasley
2024-02|hogwarts|GH13457|30|S|Diurno|75|75|17:15|18:35|lunes|01/08/24|30/12/24|AULA D (H)|HOGWARTS - |S|56320673|George|Weasley
2024-02|hogwarts|GH13468|30|S|Vespertino|20|20|18:50|20:10|miércoles|01/08/24|30/12/24|312|HOGWARTS - TORRE B|S|56320673|George|Weasley
2024-02|hogwarts|GH13468|30|S|Vespertino|20|20|20:15|21:35|miércoles|01/08/24|30/12/24|312|HOGWARTS - TORRE B|S|56320673|George|Weasley
2024-02|hogwarts|GH13468|30|S|Vespertino|20|20|21:40|23:00|miércoles|01/08/24|30/12/24|312|HOGWARTS - TORRE B|S|56320673|George|Weasley
2024-02|hogwarts|HP14148|10|S|Diurno|35|35|08:15|09:35|jueves|01/08/24|30/12/24|211|HOGWARTS - TORRE B|S|56320673|George|Weasley
2024-02|hogwarts|HP14148|10|S|Diurno|35|35|09:45|11:05|jueves|01/08/24|30/12/24|211|HOGWARTS - TORRE B|S|56320673|George|Weasley
2024-02|hogwarts|GH13489|10|S|Diurno|60|55|08:15|09:35|viernes|01/08/24|30/12/24|AULA A (H)|HOGWARTS - |S|56799171|Gilderoy|Lockhart
2024-02|hogwarts|GH13489|10|S|Diurno|60|55|09:45|11:05|viernes|01/08/24|30/12/24|AULA A (H)|HOGWARTS - |S|56799171|Gilderoy|Lockhart
2024-02|hogwarts|GH13489|10|S|Diurno|60|55|11:15|12:35|viernes|01/08/24|30/12/24|AULA A (H)|HOGWARTS - |S|56799171|Gilderoy|Lockhart
2024-02|Beauxbaton|GH23492|210|S|Diurno|20|17|14:15|15:35|miércoles|01/08/24|30/12/24|504|BEAUXBATON - EDIFICIO B|S|59060195|Ginny|Weasley
2024-02|Beauxbaton|GH23492|210|S|Diurno|20|17|15:45|17:05|miércoles|01/08/24|30/12/24|504|BEAUXBATON - EDIFICIO B|S|59060195|Ginny|Weasley
2024-02|Beauxbaton|GH23492|210|S|Diurno|20|17|17:15|18:35|miércoles|01/08/24|30/12/24|504|BEAUXBATON - EDIFICIO B|S|59060195|Ginny|Weasley
2024-02|Beauxbaton|WH233412|210|S|Diurno|17|14|11:15|12:35|miércoles|01/08/24|30/12/24|407|BEAUXBATON - EDIFICIO B|S|59354276|Godric |Gryffindor
2024-02|Beauxbaton|WH233412|210|S|Diurno|17|14|12:45|14:05|miércoles|01/08/24|30/12/24|407|BEAUXBATON - EDIFICIO B|S|59354276|Godric |Gryffindor
2024-02|hogwarts|GH13456|30|S|Diurno|60|59|08:15|09:35|jueves|01/08/24|30/12/24|210 (H)|HOGWARTS - TORRE D|S|61624006|Gregory|Goyle
2024-02|hogwarts|GH13456|30|S|Diurno|60|59|09:45|11:05|jueves|01/08/24|30/12/24|210 (H)|HOGWARTS - TORRE D|S|61624006|Gregory|Goyle
2024-02|hogwarts|GH13456|30|S|Diurno|60|59|11:15|12:35|jueves|01/08/24|30/12/24|210 (H)|HOGWARTS - TORRE D|S|61624006|Gregory|Goyle
2024-02|Beauxbaton|WH23637|290|S|Diurno|35|35|11:15|12:35|lunes|01/08/24|30/12/24|203|BEAUXBATON - EDIFICIO A|S|62216545|Hannah|Abbott
2024-02|Beauxbaton|WH23637|290|S|Diurno|35|35|12:45|14:05|lunes|01/08/24|30/12/24|203|BEAUXBATON - EDIFICIO A|S|62216545|Hannah|Abbott
2024-02|Beauxbaton|WH23637|220|S|Diurno|41|41|15:45|17:05|lunes|01/08/24|30/12/24|204|BEAUXBATON - EDIFICIO A|S|62216545|Hannah|Abbott
2024-02|Beauxbaton|WH23637|220|S|Diurno|41|41|17:15|18:35|lunes|01/08/24|30/12/24|204|BEAUXBATON - EDIFICIO A|S|62216545|Hannah|Abbott
2024-02|Beauxbaton|WH23637|260|S|Diurno|49|46|14:15|15:35|viernes|01/08/24|30/12/24|413 (H)|BEAUXBATON - EDIFICIO B|S|62216545|Hannah|Abbott
2024-02|Beauxbaton|WH23637|260|S|Diurno|49|46|15:45|17:05|viernes|01/08/24|30/12/24|413 (H)|BEAUXBATON - EDIFICIO B|S|62216545|Hannah|Abbott
2024-02|Beauxbaton|GH13985|210|S|Diurno|35|24|08:15|09:35|viernes|01/08/24|31/12/24|202|BEAUXBATON - EDIFICIO A|S|62262145|Harry|Potter
2024-02|Beauxbaton|GH13985|210|S|Diurno|35|24|09:45|11:05|viernes|01/08/24|31/12/24|202|BEAUXBATON - EDIFICIO A|S|62262145|Harry|Potter
2024-02|hogwarts|WH236022|10|S|Diurno|25|7|14:15|15:35|jueves|01/08/24|30/12/24|410|HOGWARTS - TORRE B|S|62513980|Helga |Hufflepuff
2024-02|hogwarts|WH236022|10|S|Diurno|25|7|15:45|17:05|jueves|01/08/24|30/12/24|410|HOGWARTS - TORRE B|S|62513980|Helga |Hufflepuff
2024-02|hogwarts|WH236036|30|S|Diurno|10|7|09:45|11:05|miércoles|01/08/24|30/12/24|306|HOGWARTS - TORRE B|S|62513980|Helga |Hufflepuff
2024-02|hogwarts|WH236036|30|S|Diurno|10|7|11:15|12:35|miércoles|01/08/24|30/12/24|306|HOGWARTS - TORRE B|S|62513980|Helga |Hufflepuff
2024-02|hogwarts|GH13475|10|S|Vespertino|40|9|18:50|20:10|jueves|01/08/24|30/12/24|315|HOGWARTS - TORRE B|S|62727229|Hermione|Granger
2024-02|hogwarts|GH13475|10|S|Vespertino|40|9|20:15|21:35|jueves|01/08/24|30/12/24|315|HOGWARTS - TORRE B|S|62727229|Hermione|Granger
2024-02|hogwarts|GH13475|10|S|Vespertino|40|9|21:40|23:00|jueves|01/08/24|30/12/24|315|HOGWARTS - TORRE B|S|62727229|Hermione|Granger
2024-02|hogwarts|GH13487|10|S|Diurno|60|55|14:15|15:35|jueves|01/08/24|30/12/24|AULA A (H)|HOGWARTS - |S|62727229|Hermione|Granger
2024-02|hogwarts|GH13487|10|S|Diurno|60|55|15:45|17:05|jueves|01/08/24|30/12/24|AULA A (H)|HOGWARTS - |S|62727229|Hermione|Granger
2024-02|hogwarts|GH13487|10|S|Diurno|60|55|17:15|18:35|jueves|01/08/24|30/12/24|AULA A (H)|HOGWARTS - |S|62727229|Hermione|Granger
2024-02|hogwarts|WH236002|10|S|Diurno|35|33|09:45|11:05|martes|01/08/24|30/12/24|204|HOGWARTS - TORRE B|S|62988035|Horace|Slughorn
2024-02|hogwarts|WH236002|10|S|Diurno|35|33|11:15|12:35|martes|01/08/24|30/12/24|204|HOGWARTS - TORRE B|S|62988035|Horace|Slughorn
2024-02|hogwarts|PH110086|25|S|Diurno|29|0|12:45|14:05|martes|01/08/24|31/12/24|Sala Dementores|AZKABAN|S|63083569|Irman.|Pince
2024-02|Beauxbaton|HW13977|210|S|Diurno|35|34|15:45|17:05|lunes|01/08/24|31/12/24|208|BEAUXBATON - EDIFICIO A|S|63575658|James|Potter
2024-02|Beauxbaton|HW13977|210|S|Diurno|35|34|17:15|18:35|lunes|01/08/24|31/12/24|208|BEAUXBATON - EDIFICIO A|S|63575658|James|Potter
2024-02|Beauxbaton|GH13480|210|S|Diurno|50|49|14:15|15:35|martes|01/08/24|30/12/24|205|BEAUXBATON - EDIFICIO A|S|65751279|Justin|Finch-Fletchley
2024-02|Beauxbaton|GH13480|210|S|Diurno|50|49|15:45|17:05|martes|01/08/24|30/12/24|205|BEAUXBATON - EDIFICIO A|S|65751279|Justin|Finch-Fletchley
2024-02|Beauxbaton|GH13480|210|S|Diurno|50|49|17:15|18:35|martes|01/08/24|30/12/24|205|BEAUXBATON - EDIFICIO A|S|65751279|Justin|Finch-Fletchley
2024-02|hogwarts|GH23492|30|S|Vespertino|15|6|18:50|20:10|lunes|01/08/24|30/12/24|203|HOGWARTS - TORRE B|S|66659119|Katie|Bell
2024-02|hogwarts|GH23492|30|S|Vespertino|15|6|20:15|21:35|lunes|01/08/24|30/12/24|203|HOGWARTS - TORRE B|S|66659119|Katie|Bell
2024-02|hogwarts|GH23492|30|S|Vespertino|15|6|21:40|23:00|lunes|01/08/24|30/12/24|203|HOGWARTS - TORRE B|S|66659119|Katie|Bell
2024-02|hogwarts|WH23637|30|S|Diurno|47|47|11:15|12:35|jueves|01/08/24|30/12/24|213|HOGWARTS - TORRE B|S|67153046|Kingsley|Shacklebolt
2024-02|hogwarts|WH23637|50|S|Diurno|40|40|14:15|15:35|jueves|01/08/24|30/12/24|202|HOGWARTS - TORRE D|S|67153046|Kingsley|Shacklebolt
2024-02|hogwarts|WH23637|50|S|Diurno|40|40|15:45|17:05|jueves|01/08/24|30/12/24|202|HOGWARTS - TORRE D|S|67153046|Kingsley|Shacklebolt
2024-02|hogwarts|WH23637|30|S|Diurno|47|47|11:15|12:35|viernes|01/08/24|30/12/24|210 (H)|HOGWARTS - TORRE D|S|67153046|Kingsley|Shacklebolt
2024-02|hogwarts|WH23639|30|S|Diurno|35|34|15:45|17:05|miércoles|01/08/24|30/12/24|204|HOGWARTS - TORRE D|S|67153046|Kingsley|Shacklebolt
2024-02|hogwarts|WH23639|30|S|Diurno|35|34|17:15|18:35|miércoles|01/08/24|30/12/24|204|HOGWARTS - TORRE D|S|67153046|Kingsley|Shacklebolt
2024-02|hogwarts|WH233410|30|S|Diurno|39|39|12:45|14:05|jueves|01/08/24|30/12/24|206|HOGWARTS - TORRE B|S|67153046|Kingsley|Shacklebolt
2024-02|hogwarts|WH233410|30|S|Diurno|39|39|12:45|14:05|viernes|01/08/24|30/12/24|206|HOGWARTS - TORRE B|S|67153046|Kingsley|Shacklebolt
2024-02|hogwarts|GH13457|40|S|Vespertino|33|28|18:50|20:10|miércoles|01/08/24|30/12/24|41|HOGWARTS - TORRE B|S|67267441|LAMAS|BELLA
2024-02|hogwarts|GH13457|40|S|Vespertino|33|28|20:15|21:35|miércoles|01/08/24|30/12/24|41|HOGWARTS - TORRE B|S|67267441|LAMAS|BELLA
2024-02|hogwarts|GH13457|40|S|Vespertino|33|28|21:40|23:00|miércoles|01/08/24|30/12/24|41|HOGWARTS - TORRE B|S|67267441|LAMAS|BELLA
2024-02|hogwarts|WH236012|10|S|Diurno|30|14|11:15|12:35|viernes|01/08/24|30/12/24|304|HOGWARTS - TORRE D|S|68800048|Lavender|Brown
2024-02|hogwarts|WH236012|10|S|Diurno|30|14|09:45|11:05|viernes|01/08/24|30/12/24|304|HOGWARTS - TORRE D|S|68800048|Lavender|Brown
2024-02|hogwarts|WH236023|10|S|Diurno|25|8|14:15|15:35|viernes|01/08/24|30/12/24|315|HOGWARTS - TORRE B|S|68800048|Lavender|Brown
2024-02|hogwarts|WH236023|10|S|Diurno|25|8|15:45|17:05|viernes|01/08/24|30/12/24|315|HOGWARTS - TORRE B|S|68800048|Lavender|Brown
2024-02|hogwarts|WH236036|20|S|Diurno|10|2|15:45|17:05|jueves|01/08/24|30/12/24|203|HOGWARTS - TORRE B|S|68800048|Lavender|Brown
2024-02|hogwarts|WH236036|20|S|Diurno|10|2|17:15|18:35|jueves|01/08/24|30/12/24|203|HOGWARTS - TORRE B|S|68800048|Lavender|Brown
2024-02|hogwarts|WH13143|10|I|Diurno|15|0|17:15|18:35|martes|01/08/24|30/12/24|201|HOGWARTS - TORRE B|S|69704998|Lee|Jordan
2024-02|hogwarts|WH13143|10|I|Diurno|15|0|18:50|20:10|martes|01/08/24|30/12/24|201|HOGWARTS - TORRE B|S|69704998|Lee|Jordan
2024-02|hogwarts|HP14148|20|S|Vespertino|30|27|11:15|12:35|sábado|01/08/24|30/12/24|310|HOGWARTS - TORRE B|S|69704998|Lee|Jordan
2024-02|hogwarts|HP14148|20|S|Vespertino|30|27|12:45|14:05|sábado|01/08/24|30/12/24|310|HOGWARTS - TORRE B|S|69704998|Lee|Jordan
2024-02|hogwarts|WH233406|10|S|Diurno|35|35|09:45|11:05|viernes|01/08/24|30/12/24|311|HOGWARTS - TORRE B|S|69704998|Lee|Jordan
2024-02|hogwarts|WH233406|10|S|Diurno|35|35|11:15|12:35|viernes|01/08/24|30/12/24|311|HOGWARTS - TORRE B|S|69704998|Lee|Jordan
2024-02|hogwarts|WH233406|20|S|Diurno|35|31|14:15|15:35|lunes|01/08/24|30/12/24|317|HOGWARTS - TORRE B|S|69704998|Lee|Jordan
2024-02|hogwarts|WH233406|20|S|Diurno|35|31|15:45|17:05|lunes|01/08/24|30/12/24|317|HOGWARTS - TORRE B|S|69704998|Lee|Jordan
2024-02|hogwarts|WH233412|10|S|Diurno|27|22|14:15|15:35|martes|01/08/24|30/12/24|9 (H)|HOGWARTS - TORRE B|S|69704998|Lee|Jordan
2024-02|hogwarts|WH233412|10|S|Diurno|27|22|15:45|17:05|martes|01/08/24|30/12/24|9 (H)|HOGWARTS - TORRE B|S|69704998|Lee|Jordan
2024-02|hogwarts|GH13458|50|S|Vespertino|36|32|18:50|20:10|jueves|01/08/24|30/12/24|411|HOGWARTS - TORRE B|S|70772614|Lily|Potter
2024-02|hogwarts|GH13458|50|S|Vespertino|36|32|20:15|21:35|jueves|01/08/24|30/12/24|411|HOGWARTS - TORRE B|S|70772614|Lily|Potter
2024-02|hogwarts|GH13458|50|S|Vespertino|36|32|21:40|23:00|jueves|01/08/24|30/12/24|411|HOGWARTS - TORRE B|S|70772614|Lily|Potter
2024-02|hogwarts|GH13469|10|S|Diurno|65|65|14:15|15:35|jueves|01/08/24|30/12/24|AULA B (H)|HOGWARTS - |S|70772614|Lily|Potter
2024-02|hogwarts|GH13469|10|S|Diurno|65|65|15:45|17:05|jueves|01/08/24|30/12/24|AULA B (H)|HOGWARTS - |S|70772614|Lily|Potter
2024-02|hogwarts|GH13469|10|S|Diurno|65|65|17:15|18:35|jueves|01/08/24|30/12/24|AULA B (H)|HOGWARTS - |S|70772614|Lily|Potter
2024-02|hogwarts|GH13463|10|S|Diurno|50|21|14:15|15:35|martes|01/08/24|30/12/24|310 (H)|HOGWARTS - TORRE D|S|72706890|Lucius|Malfoy
2024-02|hogwarts|GH13463|10|S|Diurno|50|21|15:45|17:05|martes|01/08/24|30/12/24|310 (H)|HOGWARTS - TORRE D|S|72706890|Lucius|Malfoy
2024-02|hogwarts|GH13463|10|S|Diurno|50|21|17:15|18:35|martes|01/08/24|30/12/24|310 (H)|HOGWARTS - TORRE D|S|72706890|Lucius|Malfoy
2024-02|hogwarts|GH13459|50|S|Vespertino|34|31|18:50|20:10|viernes|01/08/24|30/12/24|417|HOGWARTS - TORRE B|S|73750567|Luna|Lovegood
2024-02|hogwarts|GH13459|50|S|Vespertino|34|31|20:15|21:35|viernes|01/08/24|30/12/24|417|HOGWARTS - TORRE B|S|73750567|Luna|Lovegood
2024-02|hogwarts|GH13459|50|S|Vespertino|34|31|21:40|23:00|viernes|01/08/24|30/12/24|417|HOGWARTS - TORRE B|S|73750567|Luna|Lovegood
2024-02|hogwarts|GH13459|20|S|Diurno|75|68|08:15|09:35|lunes|01/08/24|30/12/24|AULA D (H)|HOGWARTS - |S|73750567|Luna|Lovegood
2024-02|hogwarts|GH13459|20|S|Diurno|75|68|09:45|11:05|lunes|01/08/24|30/12/24|AULA D (H)|HOGWARTS - |S|73750567|Luna|Lovegood
2024-02|hogwarts|GH13459|20|S|Diurno|75|68|11:15|12:35|lunes|01/08/24|30/12/24|AULA D (H)|HOGWARTS - |S|73750567|Luna|Lovegood
2024-02|Beauxbaton|HP25151|220|S|Diurno|38|33|08:15|09:35|viernes|01/08/24|30/12/24|512|BEAUXBATON - EDIFICIO B|S|77732028|Marietta|Edgecombe
2024-02|Beauxbaton|HP25151|230|S|Diurno|38|33|15:45|17:05|viernes|01/08/24|30/12/24|512|BEAUXBATON - EDIFICIO B|S|77732028|Marietta|Edgecombe
2024-02|Beauxbaton|HP25151|210|S|Diurno|38|38|15:45|17:05|miércoles|01/08/24|30/12/24|408 (H)|BEAUXBATON - EDIFICIO B|S|77732028|Marietta|Edgecombe
2024-02|Beauxbaton|WH233406|210|S|Diurno|30|25|11:15|12:35|lunes|01/08/24|30/12/24|408 (H)|BEAUXBATON - EDIFICIO B|S|77732028|Marietta|Edgecombe
2024-02|Beauxbaton|WH233406|210|S|Diurno|30|25|12:45|14:05|lunes|01/08/24|30/12/24|408 (H)|BEAUXBATON - EDIFICIO B|S|77732028|Marietta|Edgecombe
2024-02|Beauxbaton|GH13489|210|S|Diurno|30|27|14:15|15:35|jueves|01/08/24|30/12/24|310|BEAUXBATON - EDIFICIO B|S|77937835|Michael|Corner
2024-02|Beauxbaton|GH13489|210|S|Diurno|30|27|15:45|17:05|jueves|01/08/24|30/12/24|310|BEAUXBATON - EDIFICIO B|S|77937835|Michael|Corner
2024-02|Beauxbaton|GH13489|210|S|Diurno|30|27|17:15|18:35|jueves|01/08/24|30/12/24|310|BEAUXBATON - EDIFICIO B|S|77937835|Michael|Corner
2024-02|Beauxbaton|GH13468|210|S|Diurno|58|58|09:45|11:05|martes|01/08/24|30/12/24|102 (H)|BEAUXBATON - EDIFICIO A|S|78902830|Minerva|McGonagall
2024-02|Beauxbaton|GH13468|210|S|Diurno|58|58|11:15|12:35|martes|01/08/24|30/12/24|102 (H)|BEAUXBATON - EDIFICIO A|S|78902830|Minerva|McGonagall
2024-02|Beauxbaton|GH13468|210|S|Diurno|58|58|12:45|14:05|martes|01/08/24|30/12/24|102 (H)|BEAUXBATON - EDIFICIO A|S|78902830|Minerva|McGonagall
2024-02|Beauxbaton|GH24442|210|S|Diurno|27|18|15:45|17:05|lunes|01/08/24|30/12/24|501|BEAUXBATON - EDIFICIO B|S|78902830|Minerva|McGonagall
2024-02|Beauxbaton|GH24442|210|S|Diurno|27|18|17:15|18:35|lunes|01/08/24|30/12/24|501|BEAUXBATON - EDIFICIO B|S|78902830|Minerva|McGonagall
2024-02|hogwarts|GH13458|30|S|Diurno|70|70|14:15|15:35|jueves|01/08/24|30/12/24|AULA C (H)|HOGWARTS - |S|82257813|Molly|Weasley
2024-02|hogwarts|GH13458|30|S|Diurno|70|70|15:45|17:05|jueves|01/08/24|30/12/24|AULA C (H)|HOGWARTS - |S|82257813|Molly|Weasley
2024-02|hogwarts|GH13458|30|S|Diurno|70|70|17:15|18:35|jueves|01/08/24|30/12/24|AULA C (H)|HOGWARTS - |S|82257813|Molly|Weasley
2024-02|hogwarts|GH23492|10|S|Diurno|20|6|08:15|09:35|miércoles|01/08/24|30/12/24|201 (EX 22)|HOGWARTS - |S|83094025|Narcissa|Malfoy
2024-02|hogwarts|GH23492|10|S|Diurno|20|6|09:45|11:05|miércoles|01/08/24|30/12/24|201 (EX 22)|HOGWARTS - |S|83094025|Narcissa|Malfoy
2024-02|hogwarts|GH23492|10|S|Diurno|20|6|11:15|12:35|miércoles|01/08/24|30/12/24|201 (EX 22)|HOGWARTS - |S|83094025|Narcissa|Malfoy
2024-02|hogwarts|WH236036|40|S|Diurno|10|7|14:15|15:35|miércoles|01/08/24|30/12/24|203|HOGWARTS - TORRE B|S|84872367|Neville|Longbottom
2024-02|hogwarts|WH236036|40|S|Diurno|10|7|15:45|17:05|miércoles|01/08/24|30/12/24|203|HOGWARTS - TORRE B|S|84872367|Neville|Longbottom
2024-02|hogwarts|GH13468|10|S|Diurno|50|50|08:15|09:35|lunes|01/08/24|30/12/24|AULA A (H)|HOGWARTS - |S|86546445|Oliver|Wood
2024-02|hogwarts|GH13468|10|S|Diurno|50|50|09:45|11:05|lunes|01/08/24|30/12/24|AULA A (H)|HOGWARTS - |S|86546445|Oliver|Wood
2024-02|hogwarts|GH13468|10|S|Diurno|50|50|11:15|12:35|lunes|01/08/24|30/12/24|AULA A (H)|HOGWARTS - |S|86546445|Oliver|Wood
2024-02|hogwarts|GH23495|10|S|Diurno|25|18|08:15|09:35|martes|01/08/24|30/12/24|203|HOGWARTS - TORRE D|S|86546445|Oliver|Wood
2024-02|hogwarts|GH23495|10|S|Diurno|25|18|09:45|11:05|martes|01/08/24|30/12/24|203|HOGWARTS - TORRE D|S|86546445|Oliver|Wood
2024-02|hogwarts|GH23495|10|S|Diurno|25|18|11:15|12:35|martes|01/08/24|30/12/24|203|HOGWARTS - TORRE D|S|86546445|Oliver|Wood
2024-02|hogwarts|WH236036|10|S|Diurno|10|4|09:45|11:05|miércoles|01/08/24|30/12/24|206|HOGWARTS - TORRE B|S|90069145|Padma|Patil
2024-02|hogwarts|WH236036|10|S|Diurno|10|4|11:15|12:35|miércoles|01/08/24|30/12/24|206|HOGWARTS - TORRE B|S|90069145|Padma|Patil
2024-02|Beauxbaton|GH13458|210|S|Diurno|47|47|09:45|11:05|viernes|01/08/24|30/12/24|204|BEAUXBATON - EDIFICIO A|S|90679397|Pansy|Parkinson
2024-02|Beauxbaton|GH13458|210|S|Diurno|47|47|11:15|12:35|viernes|01/08/24|30/12/24|204|BEAUXBATON - EDIFICIO A|S|90679397|Pansy|Parkinson
2024-02|Beauxbaton|GH13458|210|S|Diurno|47|47|12:45|14:05|viernes|01/08/24|30/12/24|204|BEAUXBATON - EDIFICIO A|S|90679397|Pansy|Parkinson
2024-02|Beauxbaton|GH13458|220|S|Diurno|40|31|14:15|15:35|lunes|01/08/24|30/12/24|410|BEAUXBATON - EDIFICIO B|S|90679397|Pansy|Parkinson
2024-02|Beauxbaton|GH13458|220|S|Diurno|40|31|15:45|17:05|lunes|01/08/24|30/12/24|410|BEAUXBATON - EDIFICIO B|S|90679397|Pansy|Parkinson
2024-02|Beauxbaton|GH13458|220|S|Diurno|40|31|17:15|18:35|lunes|01/08/24|30/12/24|410|BEAUXBATON - EDIFICIO B|S|90679397|Pansy|Parkinson
2024-02|Beauxbaton|GH13493|210|S|Diurno|20|19|14:15|15:35|jueves|01/08/24|30/12/24|407|BEAUXBATON - EDIFICIO B|S|90679397|Pansy|Parkinson
2024-02|Beauxbaton|GH13493|210|S|Diurno|20|19|15:45|17:05|jueves|01/08/24|30/12/24|407|BEAUXBATON - EDIFICIO B|S|90679397|Pansy|Parkinson
2024-02|Beauxbaton|GH13493|210|S|Diurno|20|19|17:15|18:35|jueves|01/08/24|30/12/24|407|BEAUXBATON - EDIFICIO B|S|90679397|Pansy|Parkinson
2024-02|hogwarts|GH24442|10|S|Diurno|60|60|14:15|15:35|miércoles|01/08/24|30/12/24|305 (H)|HOGWARTS - |S|91902643|Parvati|Patil
2024-02|hogwarts|GH24442|10|S|Diurno|60|60|15:45|17:05|miércoles|01/08/24|30/12/24|305 (H)|HOGWARTS - |S|91902643|Parvati|Patil
2024-02|hogwarts|GH14444|10|S|Diurno|35|31|11:15|12:35|viernes|01/08/24|30/12/24|211|HOGWARTS - TORRE B|S|92810368|Percy|Weasley
2024-02|hogwarts|GH14444|10|S|Diurno|35|31|12:45|14:05|viernes|01/08/24|30/12/24|211|HOGWARTS - TORRE B|S|92810368|Percy|Weasley
2024-02|hogwarts|GH13456|50|S|Vespertino|35|33|18:50|20:10|martes|01/08/24|30/12/24|209 (H)|HOGWARTS - TORRE B|S|94727426|Petunia|Dursley
2024-02|hogwarts|GH13456|50|S|Vespertino|35|33|20:15|21:35|martes|01/08/24|30/12/24|209 (H)|HOGWARTS - TORRE B|S|94727426|Petunia|Dursley
2024-02|hogwarts|GH13456|50|S|Vespertino|35|33|21:40|23:00|martes|01/08/24|30/12/24|209 (H)|HOGWARTS - TORRE B|S|94727426|Petunia|Dursley
2024-02|Beauxbaton|WH236003|220|S|Diurno|10|9|11:15|12:35|viernes|01/08/24|30/12/24|406|BEAUXBATON - EDIFICIO B|S|96703051|Pomona|Sprout
2024-02|Beauxbaton|WH236003|220|S|Diurno|10|9|12:45|14:05|viernes|01/08/24|30/12/24|406|BEAUXBATON - EDIFICIO B|S|96703051|Pomona|Sprout
2024-02|Beauxbaton|WH236010|220|S|Diurno|10|8|14:15|15:35|miércoles|01/08/24|30/12/24|406|BEAUXBATON - EDIFICIO B|S|96703051|Pomona|Sprout
2024-02|Beauxbaton|WH236010|220|S|Diurno|10|8|15:45|17:05|miércoles|01/08/24|30/12/24|406|BEAUXBATON - EDIFICIO B|S|96703051|Pomona|Sprout
2024-02|Beauxbaton|GH13487|210|S|Diurno|57|55|14:15|15:35|viernes|01/08/24|30/12/24|102 (H)|BEAUXBATON - EDIFICIO A|S|99522795|Poppy|Pomfrey
2024-02|Beauxbaton|GH13487|210|S|Diurno|57|55|15:45|17:05|viernes|01/08/24|30/12/24|102 (H)|BEAUXBATON - EDIFICIO A|S|99522795|Poppy|Pomfrey
2024-02|Beauxbaton|GH13487|210|S|Diurno|57|55|17:15|18:35|viernes|01/08/24|30/12/24|102 (H)|BEAUXBATON - EDIFICIO A|S|99522795|Poppy|Pomfrey
2024-02|hogwarts|PH110086|15|S|Diurno|52|0|12:45|14:05|martes|01/08/24|31/12/24|201 (EX 22)|HOGWARTS - |S|102372327||
2024-02|hogwarts|PH110086|20|S|Vespertino|10|0|17:55|19:30|lunes|01/08/24|31/12/24|208|HOGWARTS - TORRE B|S|102372327||
2024-02|hogwarts|WH236008|20|S|Diurno|30|13|14:15|15:35|jueves|01/08/24|30/12/24|303|HOGWARTS - |S|103288372||
2024-02|hogwarts|WH236008|20|S|Diurno|30|13|15:45|17:05|jueves|01/08/24|30/12/24|303|HOGWARTS - |S|103288372||
2024-02|Beauxbaton|WH236022|210|S|Diurno|15|12|08:15|09:35|lunes|01/08/24|30/12/24|Lab 1|BEAUXBATON - EDIFICIO A|S|105647119|Quirinus|Quirrell
2024-02|Beauxbaton|WH236022|210|S|Diurno|15|12|09:45|11:05|lunes|01/08/24|30/12/24|Lab 1|BEAUXBATON - EDIFICIO A|S|105647119|Quirinus|Quirrell
2024-02|hogwarts|WH236037|10|S|Diurno|10|7|09:45|11:05|martes|01/08/24|30/12/24|201|HOGWARTS - TORRE B|S|110515163|Remus|Lupin
2024-02|hogwarts|WH236037|10|S|Diurno|10|7|11:15|12:35|martes|01/08/24|30/12/24|201|HOGWARTS - TORRE B|S|110515163|Remus|Lupin
2024-02|hogwarts|WH236037|40|S|Diurno|10|5|14:15|15:35|viernes|01/08/24|30/12/24|204|HOGWARTS - TORRE B|S|110515163|Remus|Lupin
2024-02|hogwarts|WH236037|40|S|Diurno|10|5|15:45|17:05|viernes|01/08/24|30/12/24|204|HOGWARTS - TORRE B|S|110515163|Remus|Lupin
2024-02|hogwarts|WH236037|30|S|Diurno|10|10|09:45|11:05|viernes|01/08/24|30/12/24|205|HOGWARTS - TORRE D|S|110515163|Remus|Lupin
2024-02|hogwarts|WH236037|30|S|Diurno|10|10|11:15|12:35|viernes|01/08/24|30/12/24|205|HOGWARTS - TORRE D|S|110515163|Remus|Lupin
2024-02|Beauxbaton|HP14148|210|S|Diurno|42|42|17:15|18:35|miércoles|01/08/24|31/12/24|204|BEAUXBATON - EDIFICIO A|S|112542380|Remus|Lupin
2024-02|Beauxbaton|HP14148|210|S|Diurno|42|42|18:50|20:10|miércoles|01/08/24|31/12/24|204|BEAUXBATON - EDIFICIO A|S|112542380|Remus|Lupin
2024-02|hogwarts|WH236020|10|S|Diurno|30|11|09:45|11:05|lunes|01/08/24|30/12/24|306|HOGWARTS - TORRE D|S|113455484|Rolanda|Hooch
2024-02|hogwarts|WH236020|10|S|Diurno|30|11|11:15|12:35|lunes|01/08/24|30/12/24|306|HOGWARTS - TORRE D|S|113455484|Rolanda|Hooch
2024-02|hogwarts|GH13486|20|S|Vespertino|40|17|18:50|20:10|miércoles|01/08/24|30/12/24|205|HOGWARTS - TORRE B|S|114059711|Ron|Weasley
2024-02|hogwarts|GH13486|20|S|Vespertino|40|17|20:15|21:35|miércoles|01/08/24|30/12/24|205|HOGWARTS - TORRE B|S|114059711|Ron|Weasley
2024-02|hogwarts|GH13486|20|S|Vespertino|40|17|21:40|23:00|miércoles|01/08/24|30/12/24|205|HOGWARTS - TORRE B|S|114059711|Ron|Weasley
2024-02|hogwarts|GH23492|40|S|Vespertino|15|0|18:50|20:10|lunes|01/08/24|30/12/24|204|HOGWARTS - TORRE B|S|114059711|Ron|Weasley
2024-02|hogwarts|GH23492|40|S|Vespertino|15|0|20:15|21:35|lunes|01/08/24|30/12/24|204|HOGWARTS - TORRE B|S|114059711|Ron|Weasley
2024-02|hogwarts|GH23492|40|S|Vespertino|15|0|21:40|23:00|lunes|01/08/24|30/12/24|204|HOGWARTS - TORRE B|S|114059711|Ron|Weasley
2024-02|hogwarts|GH24440|10|S|Diurno|40|18|08:15|09:35|martes|01/08/24|30/12/24|311|HOGWARTS - TORRE B|S|114059711|Ron|Weasley
2024-02|hogwarts|GH24440|10|S|Diurno|40|18|09:45|11:05|martes|01/08/24|30/12/24|311|HOGWARTS - TORRE B|S|114059711|Ron|Weasley
2024-02|hogwarts|GH24440|10|S|Diurno|40|18|11:15|12:35|martes|01/08/24|30/12/24|311|HOGWARTS - TORRE B|S|114059711|Ron|Weasley
2024-02|hogwarts|WH233405|20|S|Diurno|35|30|09:45|11:05|jueves|01/08/24|30/12/24|309|HOGWARTS - TORRE B|S|115757061|Rowena| Ravenclaw
2024-02|hogwarts|WH233405|20|S|Diurno|35|30|11:15|12:35|jueves|01/08/24|30/12/24|309|HOGWARTS - TORRE B|S|115757061|Rowena| Ravenclaw
2024-02|hogwarts|WH236010|30|S|Diurno|15|4|09:45|11:05|lunes|01/08/24|30/12/24|204|HOGWARTS - TORRE B|S|115757061|Rowena| Ravenclaw
2024-02|hogwarts|WH236010|30|S|Diurno|15|4|11:15|12:35|lunes|01/08/24|30/12/24|204|HOGWARTS - TORRE B|S|115757061|Rowena| Ravenclaw
2024-02|hogwarts|WH236031|10|S|Diurno|13|11|09:45|11:05|viernes|01/08/24|30/12/24|207|HOGWARTS - TORRE D|S|115757061|Rowena| Ravenclaw
2024-02|hogwarts|WH236031|10|S|Diurno|13|11|11:15|12:35|viernes|01/08/24|30/12/24|207|HOGWARTS - TORRE D|S|115757061|Rowena| Ravenclaw
2024-02|hogwarts|WH23637|120|S|Diurno|45|41|14:15|15:35|jueves|01/08/24|31/12/24|201 (EX 22)|HOGWARTS - |S|117871496|Rubeus|Hagrid
2024-02|hogwarts|WH23637|120|S|Diurno|45|41|15:45|17:05|jueves|01/08/24|31/12/24|201 (EX 22)|HOGWARTS - |S|117871496|Rubeus|Hagrid
2024-02|hogwarts|WH23637|110|S|Diurno|45|47|09:45|11:05|martes|01/08/24|31/12/24|213|HOGWARTS - TORRE B|S|117871496|Rubeus|Hagrid
2024-02|hogwarts|WH23637|110|S|Diurno|45|47|09:45|11:05|jueves|01/08/24|31/12/24|205|HOGWARTS - TORRE B|S|117871496|Rubeus|Hagrid
2024-02|hogwarts|WH23639|70|S|Diurno|41|40|11:15|12:35|lunes|01/08/24|31/12/24|313|HOGWARTS - TORRE B|S|117871496|Rubeus|Hagrid
2024-02|hogwarts|WH23639|70|S|Diurno|41|40|11:15|12:35|miércoles|01/08/24|31/12/24|318|HOGWARTS - TORRE B|S|117871496|Rubeus|Hagrid
2024-02|hogwarts|WH23639|10|S|Diurno|40|13|08:15|09:35|viernes|01/08/24|30/12/24|210 (H)|HOGWARTS - TORRE D|S|117871496|Rubeus|Hagrid
2024-02|hogwarts|WH23639|10|S|Diurno|40|13|09:45|11:05|viernes|01/08/24|30/12/24|210 (H)|HOGWARTS - TORRE D|S|117871496|Rubeus|Hagrid
2024-02|Beauxbaton|GH13490|210|S|Diurno|35|24|14:15|15:35|martes|01/08/24|30/12/24|514|BEAUXBATON - EDIFICIO B|S|119234212|Rufus|Scrimgeour
2024-02|Beauxbaton|GH13490|210|S|Diurno|35|24|15:45|17:05|martes|01/08/24|30/12/24|514|BEAUXBATON - EDIFICIO B|S|119234212|Rufus|Scrimgeour
2024-02|Beauxbaton|GH13490|210|S|Diurno|35|24|17:15|18:35|martes|01/08/24|30/12/24|514|BEAUXBATON - EDIFICIO B|S|119234212|Rufus|Scrimgeour
2024-02|Beauxbaton|GH13459|230|S|Diurno|52|32|14:15|15:35|lunes|01/08/24|30/12/24|104|BEAUXBATON - EDIFICIO A|S|122699188|Salazar |Slytherin
2024-02|Beauxbaton|GH13459|230|S|Diurno|52|32|15:45|17:05|lunes|01/08/24|30/12/24|104|BEAUXBATON - EDIFICIO A|S|122699188|Salazar |Slytherin
2024-02|Beauxbaton|GH13459|230|S|Diurno|52|32|17:15|18:35|lunes|01/08/24|30/12/24|104|BEAUXBATON - EDIFICIO A|S|122699188|Salazar |Slytherin
2024-02|Beauxbaton|GH13459|220|S|Diurno|55|55|14:15|15:35|viernes|01/08/24|30/12/24|301|BEAUXBATON - EDIFICIO B|S|122699188|Salazar |Slytherin
2024-02|Beauxbaton|GH13459|220|S|Diurno|55|55|15:45|17:05|viernes|01/08/24|30/12/24|301|BEAUXBATON - EDIFICIO B|S|122699188|Salazar |Slytherin
2024-02|Beauxbaton|GH13459|220|S|Diurno|55|55|17:15|18:35|viernes|01/08/24|30/12/24|301|BEAUXBATON - EDIFICIO B|S|122699188|Salazar |Slytherin
2024-02|hogwarts|GH23495|80|S|Vespertino|15|2|18:50|20:10|martes|01/08/24|30/12/24|206|HOGWARTS - TORRE B|S|124333098|Seamus|Finnigan
2024-02|hogwarts|GH23495|80|S|Vespertino|15|2|20:15|21:35|martes|01/08/24|30/12/24|206|HOGWARTS - TORRE B|S|124333098|Seamus|Finnigan
2024-02|hogwarts|GH23495|80|S|Vespertino|15|2|21:40|23:00|martes|01/08/24|30/12/24|206|HOGWARTS - TORRE B|S|124333098|Seamus|Finnigan
2024-02|hogwarts|GH13480|10|S|Diurno|50|36|08:15|09:35|lunes|01/08/24|30/12/24|AULA B (H)|HOGWARTS - |S|127037820|Séptima|Vector
2024-02|hogwarts|GH13480|10|S|Diurno|50|36|09:45|11:05|lunes|01/08/24|30/12/24|AULA B (H)|HOGWARTS - |S|127037820|Séptima|Vector
2024-02|hogwarts|GH13480|10|S|Diurno|50|36|11:15|12:35|lunes|01/08/24|30/12/24|AULA B (H)|HOGWARTS - |S|127037820|Séptima|Vector
2024-02|hogwarts|GH13486|10|S|Diurno|70|27|14:15|15:35|miércoles|01/08/24|30/12/24|AULA E|HOGWARTS - |S|127037820|Séptima|Vector
2024-02|hogwarts|GH13486|10|S|Diurno|70|27|15:45|17:05|miércoles|01/08/24|30/12/24|AULA E|HOGWARTS - |S|127037820|Séptima|Vector
2024-02|hogwarts|GH13486|10|S|Diurno|70|27|17:15|18:35|miércoles|01/08/24|30/12/24|AULA E|HOGWARTS - |S|127037820|Séptima|Vector
2024-02|Beauxbaton|GH13456|230|S|Diurno|30|17|14:15|15:35|viernes|01/08/24|30/12/24|508|BEAUXBATON - EDIFICIO B|S|129008399|Severus|Snape
2024-02|Beauxbaton|GH13456|230|S|Diurno|30|17|15:45|17:05|viernes|01/08/24|30/12/24|508|BEAUXBATON - EDIFICIO B|S|129008399|Severus|Snape
2024-02|Beauxbaton|GH13456|230|S|Diurno|30|17|17:15|18:35|viernes|01/08/24|30/12/24|508|BEAUXBATON - EDIFICIO B|S|129008399|Severus|Snape
2024-02|Beauxbaton|GH23494|220|S|Diurno|20|17|14:15|15:35|martes|01/08/24|31/12/24|401 (H)|BEAUXBATON - EDIFICIO B|S|129008399|Severus|Snape
2024-02|Beauxbaton|GH23494|220|S|Diurno|20|17|15:45|17:05|martes|01/08/24|31/12/24|401 (H)|BEAUXBATON - EDIFICIO B|S|129008399|Severus|Snape
2024-02|Beauxbaton|GH23494|220|S|Diurno|20|17|17:15|18:35|martes|01/08/24|31/12/24|401 (H)|BEAUXBATON - EDIFICIO B|S|129008399|Severus|Snape
2024-02|Beauxbaton|WH236003|210|S|Diurno|10|6|08:15|09:35|viernes|01/08/24|30/12/24|406|BEAUXBATON - EDIFICIO B|S|129025482|Silvanusn.|Kettleburn
2024-02|Beauxbaton|WH236003|210|S|Diurno|10|6|09:45|11:05|viernes|01/08/24|30/12/24|406|BEAUXBATON - EDIFICIO B|S|129025482|Silvanusn.|Kettleburn
2024-02|Beauxbaton|WH236021|210|S|Diurno|12|11|11:15|12:35|miércoles|01/08/24|30/12/24|406|BEAUXBATON - EDIFICIO B|S|129025482|Silvanusn.|Kettleburn
2024-02|Beauxbaton|WH236021|210|S|Diurno|12|11|12:45|14:05|miércoles|01/08/24|30/12/24|406|BEAUXBATON - EDIFICIO B|S|129025482|Silvanusn.|Kettleburn
2024-02|Beauxbaton|WH236031|220|S|Diurno|8|8|11:15|12:35|jueves|01/08/24|30/12/24|404|BEAUXBATON - EDIFICIO B|S|129025482|Silvanusn.|Kettleburn
2024-02|Beauxbaton|WH236031|220|S|Diurno|8|8|12:45|14:05|jueves|01/08/24|30/12/24|404|BEAUXBATON - EDIFICIO B|S|129025482|Silvanusn.|Kettleburn
2024-02|hogwarts|GH13458|10|S|Diurno|70|70|14:15|15:35|martes|01/08/24|30/12/24|AULA C (H)|HOGWARTS - |S|129406030|Sirius|Black
2024-02|hogwarts|GH13458|10|S|Diurno|70|70|15:45|17:05|martes|01/08/24|30/12/24|AULA C (H)|HOGWARTS - |S|129406030|Sirius|Black
2024-02|hogwarts|GH13458|10|S|Diurno|70|70|17:15|18:35|martes|01/08/24|30/12/24|AULA C (H)|HOGWARTS - |S|129406030|Sirius|Black
2024-02|hogwarts|GH13487|20|S|Vespertino|35|29|18:50|20:10|jueves|01/08/24|30/12/24|417|HOGWARTS - TORRE B|S|129406030|Sirius|Black
2024-02|hogwarts|GH13487|20|S|Vespertino|35|29|20:15|21:35|jueves|01/08/24|30/12/24|417|HOGWARTS - TORRE B|S|129406030|Sirius|Black
2024-02|hogwarts|GH13487|20|S|Vespertino|35|29|21:40|23:00|jueves|01/08/24|30/12/24|417|HOGWARTS - TORRE B|S|129406030|Sirius|Black
2024-02|hogwarts|GH13490|20|S|Vespertino|40|10|18:50|20:10|martes|01/08/24|30/12/24|416|HOGWARTS - TORRE B|S|129519484|Susan|Bones
2024-02|hogwarts|GH13490|20|S|Vespertino|40|10|20:15|21:35|martes|01/08/24|30/12/24|416|HOGWARTS - TORRE B|S|129519484|Susan|Bones
2024-02|hogwarts|GH13490|20|S|Vespertino|40|10|21:40|23:00|martes|01/08/24|30/12/24|416|HOGWARTS - TORRE B|S|129519484|Susan|Bones
2024-02|hogwarts|WH236009|20|S|Diurno|30|30|09:45|11:05|jueves|01/08/24|30/12/24|417|HOGWARTS - TORRE B|S|129645558|Sybill|Trelawney
2024-02|hogwarts|WH236009|20|S|Diurno|30|30|11:15|12:35|jueves|01/08/24|30/12/24|417|HOGWARTS - TORRE B|S|129645558|Sybill|Trelawney
2024-02|hogwarts|WH23637|60|S|Diurno|44|40|14:15|15:35|jueves|01/08/24|30/12/24|310 (H)|HOGWARTS - TORRE D|S|130689724|Terry|Boot
2024-02|hogwarts|WH23637|60|S|Diurno|44|40|15:45|17:05|jueves|01/08/24|30/12/24|310 (H)|HOGWARTS - TORRE D|S|130689724|Terry|Boot
2024-02|Beauxbaton|PH110059|220|S|Diurno|38|35|08:15|09:35|viernes|01/08/24|30/12/24|208|BEAUXBATON - EDIFICIO A|S|131635937|Theodore|Nott
2024-02|Beauxbaton|PH110059|230|S|Diurno|38|33|14:15|15:35|viernes|01/08/24|30/12/24|208|BEAUXBATON - EDIFICIO A|S|131635937|Theodore|Nott
2024-02|Beauxbaton|PH110059|210|S|Diurno|40|34|14:15|15:35|miércoles|01/08/24|30/12/24|413 (H)|BEAUXBATON - EDIFICIO B|S|131635937|Theodore|Nott
2024-02|hogwarts|GH13493|30|S|Vespertino|15|12|18:50|20:10|miércoles|01/08/24|30/12/24|201|HOGWARTS - TORRE B|S|132723203|Vernon|Dursley
2024-02|hogwarts|GH13493|30|S|Vespertino|15|12|20:15|21:35|miércoles|01/08/24|30/12/24|201|HOGWARTS - TORRE B|S|132723203|Vernon|Dursley
2024-02|hogwarts|GH13493|30|S|Vespertino|15|12|21:40|23:00|miércoles|01/08/24|30/12/24|201|HOGWARTS - TORRE B|S|132723203|Vernon|Dursley
2024-02|hogwarts|GH13493|20|S|Diurno|20|7|08:15|09:35|martes|01/08/24|30/12/24|406|HOGWARTS - TORRE B|S|132723203|Vernon|Dursley
2024-02|hogwarts|GH13493|20|S|Diurno|20|7|09:45|11:05|martes|01/08/24|30/12/24|406|HOGWARTS - TORRE B|S|132723203|Vernon|Dursley
2024-02|hogwarts|GH13493|20|S|Diurno|20|7|11:15|12:35|martes|01/08/24|30/12/24|406|HOGWARTS - TORRE B|S|132723203|Vernon|Dursley
2024-02|hogwarts|HW13977|30|S|Vespertino|40|14|18:50|20:10|viernes|01/08/24|30/12/24|210|HOGWARTS - TORRE B|S|132723203|Vernon|Dursley
2024-02|hogwarts|HW13977|30|S|Vespertino|40|14|20:15|21:35|viernes|01/08/24|30/12/24|210|HOGWARTS - TORRE B|S|132723203|Vernon|Dursley
2024-02|hogwarts|GH13469|30|S|Vespertino|30|12|18:50|20:10|jueves|01/08/24|30/12/24|216|HOGWARTS - TORRE B|S|134254541|Viktor|Krum
2024-02|hogwarts|GH13469|30|S|Vespertino|30|12|20:15|21:35|jueves|01/08/24|30/12/24|216|HOGWARTS - TORRE B|S|134254541|Viktor|Krum
2024-02|hogwarts|GH13469|30|S|Vespertino|30|12|21:40|23:00|jueves|01/08/24|30/12/24|216|HOGWARTS - TORRE B|S|134254541|Viktor|Krum
2024-02|Beauxbaton|WH23637|230|S|Diurno|40|40|15:45|17:05|miércoles|01/08/24|30/12/24|410|BEAUXBATON - EDIFICIO B|S|134388880|Vincent|Crabbe
2024-02|Beauxbaton|WH23637|230|S|Diurno|40|40|17:15|18:35|miércoles|01/08/24|30/12/24|410|BEAUXBATON - EDIFICIO B|S|134388880|Vincent|Crabbe
2024-02|Beauxbaton|WH23637|295|S|Diurno|20|20|11:15|12:35|miércoles|01/08/24|30/12/24|504|BEAUXBATON - EDIFICIO B|S|134388880|Vincent|Crabbe
2024-02|Beauxbaton|WH23637|295|S|Diurno|20|20|12:45|14:05|miércoles|01/08/24|30/12/24|504|BEAUXBATON - EDIFICIO B|S|134388880|Vincent|Crabbe
2024-02|Beauxbaton|WH233410|250|S|Diurno|20|18|17:15|18:35|martes|01/08/24|31/12/24|505|BEAUXBATON - EDIFICIO B|S|134388880|Vincent|Crabbe
2024-02|Beauxbaton|WH233410|250|S|Diurno|20|18|18:50|20:10|martes|01/08/24|31/12/24|505|BEAUXBATON - EDIFICIO B|S|134388880|Vincent|Crabbe
2024-02|Beauxbaton|WH233410|230|S|Diurno|47|47|11:15|12:35|martes|01/08/24|30/12/24|507 (H)|BEAUXBATON - EDIFICIO B|S|134388880|Vincent|Crabbe
2024-02|Beauxbaton|WH233410|230|S|Diurno|47|47|12:45|14:05|martes|01/08/24|30/12/24|507 (H)|BEAUXBATON - EDIFICIO B|S|134388880|Vincent|Crabbe
2024-02|hogwarts|GH13459|40|S|Vespertino|34|32|18:50|20:10|viernes|01/08/24|30/12/24|309|HOGWARTS - TORRE B|S|134450253|Voldemort|SeñorOscuro
2024-02|hogwarts|GH13459|40|S|Vespertino|34|32|20:15|21:35|viernes|01/08/24|30/12/24|309|HOGWARTS - TORRE B|S|134450253|Voldemort|SeñorOscuro
2024-02|hogwarts|GH13459|40|S|Vespertino|34|32|21:40|23:00|viernes|01/08/24|30/12/24|309|HOGWARTS - TORRE B|S|134450253|Voldemort|SeñorOscuro
2024-02|hogwarts|GH13459|30|S|Diurno|75|63|08:15|09:35|lunes|01/08/24|30/12/24|AULA E|HOGWARTS - |S|134450253|Voldemort|SeñorOscuro
2024-02|hogwarts|GH13459|30|S|Diurno|75|63|09:45|11:05|lunes|01/08/24|30/12/24|AULA E|HOGWARTS - |S|134450253|Voldemort|SeñorOscuro
2024-02|hogwarts|GH13459|30|S|Diurno|75|63|11:15|12:35|lunes|01/08/24|30/12/24|AULA E|HOGWARTS - |S|134450253|Voldemort|SeñorOscuro
2024-02|hogwarts|GH13509|30|S|Diurno|20|10|08:15|09:35|miércoles|01/08/24|30/12/24|AULA D (H)|HOGWARTS - |S|136194663|Wilhelminan.|Grubbly-Plank
2024-02|hogwarts|GH13509|30|S|Diurno|20|10|09:45|11:05|miércoles|01/08/24|30/12/24|AULA D (H)|HOGWARTS - |S|136194663|Wilhelminan.|Grubbly-Plank
2024-02|hogwarts|GH13509|30|S|Diurno|20|10|11:15|12:35|miércoles|01/08/24|30/12/24|AULA D (H)|HOGWARTS - |S|136194663|Wilhelminan.|Grubbly-Plank
2024-02|hogwarts|GH13985|10|S|Vespertino|25|10|18:50|20:10|viernes|01/08/24|30/12/24|211|HOGWARTS - TORRE B|S|137062706|Xenophilius|Lovegood
2024-02|hogwarts|GH13985|10|S|Vespertino|25|10|20:15|21:35|viernes|01/08/24|30/12/24|211|HOGWARTS - TORRE B|S|137062706|Xenophilius|Lovegood
2024-02|hogwarts|HP24090|20|S|Vespertino|35|3|18:50|20:10|lunes|01/08/24|30/12/24|210|HOGWARTS - TORRE B|S|137062706|Xenophilius|Lovegood
2024-02|hogwarts|HP24090|20|S|Vespertino|35|3|20:15|21:35|lunes|01/08/24|30/12/24|210|HOGWARTS - TORRE B|S|137062706|Xenophilius|Lovegood
2024-02|hogwarts|HP14091|20|S|Diurno|45|45|08:15|09:35|viernes|01/08/24|30/12/24|301 (H)|HOGWARTS - |S|137062706|Xenophilius|Lovegood
2024-02|hogwarts|HP14091|20|S|Diurno|45|45|09:45|11:05|viernes|01/08/24|30/12/24|301 (H)|HOGWARTS - |S|137062706|Xenophilius|Lovegood
2024-02|hogwarts|GH14444|20|S|Diurno|40|30|11:15|12:35|viernes|01/08/24|30/12/24|204|HOGWARTS - TORRE B|S|138033859|Zacharias|Smith
2024-02|hogwarts|GH14444|20|S|Diurno|40|30|12:45|14:05|viernes|01/08/24|30/12/24|204|HOGWARTS - TORRE B|S|138033859|Zacharias|Smith
2024-02|hogwarts|WH13143|20|I|Diurno|15|7|17:15|18:35|martes|01/08/24|30/12/24|202|HOGWARTS - TORRE B|S|6012|POR|DESIGNAR
2024-02|hogwarts|WH13143|20|I|Diurno|15|7|18:50|20:10|martes|01/08/24|30/12/24|202|HOGWARTS - TORRE B|S|6012|POR|DESIGNAR
2024-02|hogwarts|WH13143|40|I|Diurno|15|6|17:15|18:35|martes|01/08/24|30/12/24|401|HOGWARTS - TORRE B|S|6012|POR|DESIGNAR
2024-02|hogwarts|WH13143|40|I|Diurno|15|6|18:50|20:10|martes|01/08/24|30/12/24|401|HOGWARTS - TORRE B|S|6012|POR|DESIGNAR
2024-02|hogwarts|GH13456|10|S|Diurno|70|70|08:15|09:35|jueves|01/08/24|30/12/24|AULA A (H)|HOGWARTS - |S|4010|POR|DESIGNAR
2024-02|hogwarts|GH13456|10|S|Diurno|70|70|09:45|11:05|jueves|01/08/24|30/12/24|AULA A (H)|HOGWARTS - |S|4010|POR|DESIGNAR
2024-02|hogwarts|GH13456|10|S|Diurno|70|70|11:15|12:35|jueves|01/08/24|30/12/24|AULA A (H)|HOGWARTS - |S|4010|POR|DESIGNAR
2024-02|hogwarts|GH13456|40|S|Vespertino|35|35|18:50|20:10|martes|01/08/24|30/12/24|AULA E|HOGWARTS - |S|4010|POR|DESIGNAR
2024-02|hogwarts|GH13456|40|S|Vespertino|35|35|20:15|21:35|martes|01/08/24|30/12/24|AULA E|HOGWARTS - |S|4010|POR|DESIGNAR
2024-02|hogwarts|GH13456|40|S|Vespertino|35|35|21:40|23:00|martes|01/08/24|30/12/24|AULA E|HOGWARTS - |S|4010|POR|DESIGNAR
2024-02|hogwarts|GH13456|20|S|Diurno|70|64|08:15|09:35|jueves|01/08/24|30/12/24|AULA C (H)|HOGWARTS - |S|4010|POR|DESIGNAR
2024-02|hogwarts|GH13456|20|S|Diurno|70|64|09:45|11:05|jueves|01/08/24|30/12/24|AULA C (H)|HOGWARTS - |S|4010|POR|DESIGNAR
2024-02|hogwarts|GH13456|20|S|Diurno|70|64|11:15|12:35|jueves|01/08/24|30/12/24|AULA C (H)|HOGWARTS - |S|4010|POR|DESIGNAR
2024-02|Beauxbaton|GH13456|210|S|Diurno|40|40|14:15|15:35|miércoles|01/08/24|30/12/24|102 (H)|BEAUXBATON - EDIFICIO A|S|4010|POR|DESIGNAR
2024-02|Beauxbaton|GH13456|210|S|Diurno|40|40|15:45|17:05|miércoles|01/08/24|30/12/24|102 (H)|BEAUXBATON - EDIFICIO A|S|4010|POR|DESIGNAR
2024-02|Beauxbaton|GH13456|210|S|Diurno|40|40|17:15|18:35|miércoles|01/08/24|30/12/24|102 (H)|BEAUXBATON - EDIFICIO A|S|4010|POR|DESIGNAR
2024-02|Beauxbaton|GH13456|220|S|Diurno|52|52|14:15|15:35|jueves|01/08/24|30/12/24|102 (H)|BEAUXBATON - EDIFICIO A|S|4010|POR|DESIGNAR
2024-02|Beauxbaton|GH13456|220|S|Diurno|52|52|15:45|17:05|jueves|01/08/24|30/12/24|102 (H)|BEAUXBATON - EDIFICIO A|S|4010|POR|DESIGNAR
2024-02|Beauxbaton|GH13456|220|S|Diurno|52|52|17:15|18:35|jueves|01/08/24|30/12/24|102 (H)|BEAUXBATON - EDIFICIO A|S|4010|POR|DESIGNAR
2024-02|hogwarts|GH13457|50|S|Vespertino|33|32|18:50|20:10|miércoles|01/08/24|30/12/24|41|HOGWARTS - TORRE B|S|4010|POR|DESIGNAR
2024-02|hogwarts|GH13457|50|S|Vespertino|33|32|20:15|21:35|miércoles|01/08/24|30/12/24|41|HOGWARTS - TORRE B|S|4010|POR|DESIGNAR
2024-02|hogwarts|GH13457|50|S|Vespertino|33|32|21:40|23:00|miércoles|01/08/24|30/12/24|41|HOGWARTS - TORRE B|S|4010|POR|DESIGNAR
2024-02|hogwarts|GH13457|10|S|Diurno|75|75|14:15|15:35|lunes|01/08/24|30/12/24|AULA A (H)|HOGWARTS - |S|4010|POR|DESIGNAR
2024-02|hogwarts|GH13457|10|S|Diurno|75|75|15:45|17:05|lunes|01/08/24|30/12/24|AULA A (H)|HOGWARTS - |S|4010|POR|DESIGNAR
2024-02|hogwarts|GH13457|10|S|Diurno|75|75|17:15|18:35|lunes|01/08/24|30/12/24|AULA A (H)|HOGWARTS - |S|4010|POR|DESIGNAR
2024-02|Beauxbaton|GH13457|220|S|Diurno|40|32|08:15|09:35|miércoles|01/08/24|30/12/24|508|BEAUXBATON - EDIFICIO B|S|4010|POR|DESIGNAR
2024-02|Beauxbaton|GH13457|220|S|Diurno|40|32|09:45|11:05|miércoles|01/08/24|30/12/24|508|BEAUXBATON - EDIFICIO B|S|4010|POR|DESIGNAR
2024-02|Beauxbaton|GH13457|220|S|Diurno|40|32|11:15|12:35|miércoles|01/08/24|30/12/24|508|BEAUXBATON - EDIFICIO B|S|4010|POR|DESIGNAR
2024-02|Beauxbaton|GH13457|210|S|Diurno|55|43|08:15|09:35|lunes|01/08/24|30/12/24|102 (H)|BEAUXBATON - EDIFICIO A|S|4010|POR|DESIGNAR
2024-02|Beauxbaton|GH13457|210|S|Diurno|55|43|09:45|11:05|lunes|01/08/24|30/12/24|102 (H)|BEAUXBATON - EDIFICIO A|S|4010|POR|DESIGNAR
2024-02|Beauxbaton|GH13457|210|S|Diurno|55|43|11:15|12:35|lunes|01/08/24|30/12/24|102 (H)|BEAUXBATON - EDIFICIO A|S|4010|POR|DESIGNAR
2024-02|Beauxbaton|GH13457|230|S|Diurno|55|42|14:15|15:35|miércoles|01/08/24|30/12/24|104|BEAUXBATON - EDIFICIO A|S|4010|POR|DESIGNAR
2024-02|Beauxbaton|GH13457|230|S|Diurno|55|42|15:45|17:05|miércoles|01/08/24|30/12/24|104|BEAUXBATON - EDIFICIO A|S|4010|POR|DESIGNAR
2024-02|Beauxbaton|GH13457|230|S|Diurno|55|42|17:15|18:35|miércoles|01/08/24|30/12/24|104|BEAUXBATON - EDIFICIO A|S|4010|POR|DESIGNAR
2024-02|hogwarts|GH13457|20|S|Diurno|75|63|14:15|15:35|miércoles|01/08/24|30/12/24|AULA B (H)|HOGWARTS - |S|4010|POR|DESIGNAR
2024-02|hogwarts|GH13457|20|S|Diurno|75|63|15:45|17:05|miércoles|01/08/24|30/12/24|AULA B (H)|HOGWARTS - |S|4010|POR|DESIGNAR
2024-02|hogwarts|GH13457|20|S|Diurno|75|63|17:15|18:35|miércoles|01/08/24|30/12/24|AULA B (H)|HOGWARTS - |S|4010|POR|DESIGNAR
2024-02|hogwarts|GH13458|20|S|Diurno|70|69|14:15|15:35|martes|01/08/24|30/12/24|AULA B (H)|HOGWARTS - |S|4010|POR|DESIGNAR
2024-02|hogwarts|GH13458|20|S|Diurno|70|69|15:45|17:05|martes|01/08/24|30/12/24|AULA B (H)|HOGWARTS - |S|4010|POR|DESIGNAR
2024-02|hogwarts|GH13458|20|S|Diurno|70|69|17:15|18:35|martes|01/08/24|30/12/24|AULA B (H)|HOGWARTS - |S|4010|POR|DESIGNAR
2024-02|Beauxbaton|GH13459|210|S|Diurno|50|49|14:15|15:35|lunes|01/08/24|30/12/24|102 (H)|BEAUXBATON - EDIFICIO A|S|4010|POR|DESIGNAR
2024-02|Beauxbaton|GH13459|210|S|Diurno|50|49|15:45|17:05|lunes|01/08/24|30/12/24|102 (H)|BEAUXBATON - EDIFICIO A|S|4010|POR|DESIGNAR
2024-02|Beauxbaton|GH13459|210|S|Diurno|50|49|17:15|18:35|lunes|01/08/24|30/12/24|102 (H)|BEAUXBATON - EDIFICIO A|S|4010|POR|DESIGNAR
2024-02|Beauxbaton|GH13462|210|S|Diurno|40|32|14:15|15:35|jueves|01/08/24|30/12/24|401 (H)|BEAUXBATON - EDIFICIO B|S|4010|POR|DESIGNAR
2024-02|Beauxbaton|GH13462|210|S|Diurno|40|32|15:45|17:05|jueves|01/08/24|30/12/24|401 (H)|BEAUXBATON - EDIFICIO B|S|4010|POR|DESIGNAR
2024-02|Beauxbaton|GH13462|210|S|Diurno|40|32|17:15|18:35|jueves|01/08/24|30/12/24|401 (H)|BEAUXBATON - EDIFICIO B|S|4010|POR|DESIGNAR
2024-02|Beauxbaton|GH13463|210|S|Diurno|55|16|14:15|15:35|miércoles|01/08/24|30/12/24|513 (H)|BEAUXBATON - EDIFICIO B||4010|POR|DESIGNAR
2024-02|Beauxbaton|GH13463|210|S|Diurno|55|16|15:45|17:05|miércoles|01/08/24|30/12/24|513 (H)|BEAUXBATON - EDIFICIO B||4010|POR|DESIGNAR
2024-02|Beauxbaton|GH13463|210|S|Diurno|55|16|17:15|18:35|miércoles|01/08/24|30/12/24|513 (H)|BEAUXBATON - EDIFICIO B||4010|POR|DESIGNAR
2024-02|hogwarts|GH13467|10|S|Diurno|70|64|08:15|09:35|jueves|01/08/24|30/12/24|AULA B (H)|HOGWARTS - |S|4010|POR|DESIGNAR
2024-02|hogwarts|GH13467|10|S|Diurno|70|64|09:45|11:05|jueves|01/08/24|30/12/24|AULA B (H)|HOGWARTS - |S|4010|POR|DESIGNAR
2024-02|hogwarts|GH13467|10|S|Diurno|70|64|11:15|12:35|jueves|01/08/24|30/12/24|AULA B (H)|HOGWARTS - |S|4010|POR|DESIGNAR
2024-02|hogwarts|GH13468|20|S|Diurno|59|57|08:15|09:35|martes|01/08/24|30/12/24|AULA C (H)|HOGWARTS - |S|4010|POR|DESIGNAR
2024-02|hogwarts|GH13468|20|S|Diurno|59|57|09:45|11:05|martes|01/08/24|30/12/24|AULA C (H)|HOGWARTS - |S|4010|POR|DESIGNAR
2024-02|hogwarts|GH13468|20|S|Diurno|59|57|11:15|12:35|martes|01/08/24|30/12/24|AULA C (H)|HOGWARTS - |S|4010|POR|DESIGNAR
2024-02|Beauxbaton|GH13468|220|S|Diurno|25|4|14:15|15:35|lunes|01/08/24|30/12/24|503|BEAUXBATON - EDIFICIO B||4010|POR|DESIGNAR
2024-02|Beauxbaton|GH13468|220|S|Diurno|25|4|15:45|17:05|lunes|01/08/24|30/12/24|503|BEAUXBATON - EDIFICIO B||4010|POR|DESIGNAR
2024-02|Beauxbaton|GH13468|220|S|Diurno|25|4|17:15|18:35|lunes|01/08/24|30/12/24|503|BEAUXBATON - EDIFICIO B||4010|POR|DESIGNAR
2024-02|hogwarts|GH13469|40|S|Vespertino|30|17|18:50|20:10|jueves|01/08/24|30/12/24|212|HOGWARTS - TORRE B|S|4010|POR|DESIGNAR
2024-02|hogwarts|GH13469|40|S|Vespertino|30|17|20:15|21:35|jueves|01/08/24|30/12/24|212|HOGWARTS - TORRE B|S|4010|POR|DESIGNAR
2024-02|hogwarts|GH13469|40|S|Vespertino|30|17|21:40|23:00|jueves|01/08/24|30/12/24|212|HOGWARTS - TORRE B|S|4010|POR|DESIGNAR
2024-02|Beauxbaton|GH13469|210|S|Diurno|55|53|08:15|09:35|jueves|01/08/24|30/12/24|AUDITORIO 1 (H) -|BEAUXBATON - EDIFICIO A|S|4010|POR|DESIGNAR
2024-02|Beauxbaton|GH13469|210|S|Diurno|55|53|09:45|11:05|jueves|01/08/24|30/12/24|AUDITORIO 1 (H) -|BEAUXBATON - EDIFICIO A|S|4010|POR|DESIGNAR
2024-02|Beauxbaton|GH13469|210|S|Diurno|55|53|11:15|12:35|jueves|01/08/24|30/12/24|AUDITORIO 1 (H) -|BEAUXBATON - EDIFICIO A|S|4010|POR|DESIGNAR
2024-02|hogwarts|GH13469|20|S|Diurno|65|55|14:15|15:35|martes|01/08/24|30/12/24|AULA A (H)|HOGWARTS - |S|4010|POR|DESIGNAR
2024-02|hogwarts|GH13469|20|S|Diurno|65|55|15:45|17:05|martes|01/08/24|30/12/24|AULA A (H)|HOGWARTS - |S|4010|POR|DESIGNAR
2024-02|hogwarts|GH13469|20|S|Diurno|65|55|17:15|18:35|martes|01/08/24|30/12/24|AULA A (H)|HOGWARTS - |S|4010|POR|DESIGNAR
2024-02|hogwarts|GH13470|10|S|Diurno|80|73|14:15|15:35|miércoles|01/08/24|30/12/24|AULA A (H)|HOGWARTS - |S|4010|POR|DESIGNAR
2024-02|hogwarts|GH13470|10|S|Diurno|80|73|15:45|17:05|miércoles|01/08/24|30/12/24|AULA A (H)|HOGWARTS - |S|4010|POR|DESIGNAR
2024-02|hogwarts|GH13470|10|S|Diurno|80|73|17:15|18:35|miércoles|01/08/24|30/12/24|AULA A (H)|HOGWARTS - |S|4010|POR|DESIGNAR
2024-02|Beauxbaton|GH13470|220|S|Diurno|38|20|14:15|15:35|viernes|01/08/24|30/12/24|206|BEAUXBATON - EDIFICIO A|S|4010|POR|DESIGNAR
2024-02|Beauxbaton|GH13470|220|S|Diurno|38|20|15:45|17:05|viernes|01/08/24|30/12/24|206|BEAUXBATON - EDIFICIO A|S|4010|POR|DESIGNAR
2024-02|Beauxbaton|GH13470|220|S|Diurno|38|20|17:15|18:35|viernes|01/08/24|30/12/24|206|BEAUXBATON - EDIFICIO A|S|4010|POR|DESIGNAR
2024-02|hogwarts|GH13470|30|S|Vespertino|49|49|18:50|20:10|lunes|01/08/24|30/12/24|206|HOGWARTS - TORRE B|S|4010|POR|DESIGNAR
2024-02|hogwarts|GH13470|30|S|Vespertino|49|49|20:15|21:35|lunes|01/08/24|30/12/24|206|HOGWARTS - TORRE B|S|4010|POR|DESIGNAR
2024-02|hogwarts|GH13470|30|S|Vespertino|49|49|21:40|23:00|lunes|01/08/24|30/12/24|206|HOGWARTS - TORRE B|S|4010|POR|DESIGNAR
2024-02|hogwarts|GH13470|20|S|Diurno|80|74|14:15|15:35|miércoles|01/08/24|30/12/24|AULA C (H)|HOGWARTS - |S|4010|POR|DESIGNAR
2024-02|hogwarts|GH13470|20|S|Diurno|80|74|15:45|17:05|miércoles|01/08/24|30/12/24|AULA C (H)|HOGWARTS - |S|4010|POR|DESIGNAR
2024-02|hogwarts|GH13470|20|S|Diurno|80|74|17:15|18:35|miércoles|01/08/24|30/12/24|AULA C (H)|HOGWARTS - |S|4010|POR|DESIGNAR
2024-02|Beauxbaton|GH13470|210|S|Diurno|57|55|08:15|09:35|viernes|01/08/24|30/12/24|102 (H)|BEAUXBATON - EDIFICIO A|S|4010|POR|DESIGNAR
2024-02|Beauxbaton|GH13470|210|S|Diurno|57|55|09:45|11:05|viernes|01/08/24|30/12/24|102 (H)|BEAUXBATON - EDIFICIO A|S|4010|POR|DESIGNAR
2024-02|Beauxbaton|GH13470|210|S|Diurno|57|55|11:15|12:35|viernes|01/08/24|30/12/24|102 (H)|BEAUXBATON - EDIFICIO A|S|4010|POR|DESIGNAR
2024-02|hogwarts|GH13479|20|S|Vespertino|46|44|18:50|20:10|martes|01/08/24|30/12/24|206|HOGWARTS - TORRE B|S|4010|POR|DESIGNAR
2024-02|hogwarts|GH13479|20|S|Vespertino|46|44|20:15|21:35|martes|01/08/24|30/12/24|206|HOGWARTS - TORRE B|S|4010|POR|DESIGNAR
2024-02|hogwarts|GH13479|20|S|Vespertino|46|44|21:40|23:00|martes|01/08/24|30/12/24|206|HOGWARTS - TORRE B|S|4010|POR|DESIGNAR
2024-02|hogwarts|GH13480|20|S|Vespertino|45|45|18:50|20:10|miércoles|01/08/24|30/12/24|204|HOGWARTS - TORRE B|S|4010|POR|DESIGNAR
2024-02|hogwarts|GH13480|20|S|Vespertino|45|45|20:15|21:35|miércoles|01/08/24|30/12/24|204|HOGWARTS - TORRE B|S|4010|POR|DESIGNAR
2024-02|hogwarts|GH13480|20|S|Vespertino|45|45|21:40|23:00|miércoles|01/08/24|30/12/24|204|HOGWARTS - TORRE B|S|4010|POR|DESIGNAR
2024-02|hogwarts|GH13482|30|S|Vespertino|43|36|18:50|20:10|lunes|01/08/24|30/12/24|417|HOGWARTS - TORRE B|S|4010|POR|DESIGNAR
2024-02|hogwarts|GH13482|30|S|Vespertino|43|36|20:15|21:35|lunes|01/08/24|30/12/24|417|HOGWARTS - TORRE B|S|4010|POR|DESIGNAR
2024-02|hogwarts|GH13482|30|S|Vespertino|43|36|21:40|23:00|lunes|01/08/24|30/12/24|417|HOGWARTS - TORRE B|S|4010|POR|DESIGNAR
2024-02|hogwarts|GH13482|10|S|Diurno|40|34|14:15|15:35|lunes|01/08/24|30/12/24|409 (H)|HOGWARTS - TORRE B|S|4010|POR|DESIGNAR
2024-02|hogwarts|GH13482|10|S|Diurno|40|34|15:45|17:05|lunes|01/08/24|30/12/24|9 (H)|HOGWARTS - TORRE B|S|4010|POR|DESIGNAR
2024-02|hogwarts|GH13482|10|S|Diurno|40|34|17:15|18:35|lunes|01/08/24|30/12/24|9 (H)|HOGWARTS - TORRE B|S|4010|POR|DESIGNAR
2024-02|hogwarts|GH13482|20|S|Diurno|40|37|14:15|15:35|lunes|01/08/24|30/12/24|411|HOGWARTS - TORRE B|S|4010|POR|DESIGNAR
2024-02|hogwarts|GH13482|20|S|Diurno|40|37|15:45|17:05|lunes|01/08/24|30/12/24|411|HOGWARTS - TORRE B|S|4010|POR|DESIGNAR
2024-02|hogwarts|GH13482|20|S|Diurno|40|37|17:15|18:35|lunes|01/08/24|30/12/24|411|HOGWARTS - TORRE B|S|4010|POR|DESIGNAR
2024-02|Beauxbaton|GH13482|220|S|Diurno|28|23|15:45|17:05|jueves|01/08/24|30/12/24|512|BEAUXBATON - EDIFICIO B|S|4010|POR|DESIGNAR
2024-02|Beauxbaton|GH13482|220|S|Diurno|28|23|17:15|18:35|jueves|01/08/24|30/12/24|512|BEAUXBATON - EDIFICIO B|S|4010|POR|DESIGNAR
2024-02|Beauxbaton|GH13482|220|S|Diurno|28|23|18:50|20:10|jueves|01/08/24|30/12/24|512|BEAUXBATON - EDIFICIO B|S|4010|POR|DESIGNAR
2024-02|Beauxbaton|GH13482|210|S|Diurno|31|29|08:15|09:35|lunes|01/08/24|30/12/24|104|BEAUXBATON - EDIFICIO A|S|4010|POR|DESIGNAR
2024-02|Beauxbaton|GH13482|210|S|Diurno|31|29|09:45|11:05|lunes|01/08/24|30/12/24|104|BEAUXBATON - EDIFICIO A|S|4010|POR|DESIGNAR
2024-02|Beauxbaton|GH13482|210|S|Diurno|31|29|11:15|12:35|lunes|01/08/24|30/12/24|104|BEAUXBATON - EDIFICIO A|S|4010|POR|DESIGNAR
2024-02|Beauxbaton|GH13486|210|S|Diurno|25|6|14:15|15:35|miércoles|01/08/24|30/12/24|501|BEAUXBATON - EDIFICIO B||4010|POR|DESIGNAR
2024-02|Beauxbaton|GH13486|210|S|Diurno|25|6|15:45|17:05|miércoles|01/08/24|30/12/24|501|BEAUXBATON - EDIFICIO B||4010|POR|DESIGNAR
2024-02|Beauxbaton|GH13486|210|S|Diurno|25|6|17:15|18:35|miércoles|01/08/24|30/12/24|501|BEAUXBATON - EDIFICIO B||4010|POR|DESIGNAR
2024-02|hogwarts|GH13489|20|S|Vespertino|40|38|18:50|20:10|lunes|01/08/24|30/12/24|412|HOGWARTS - TORRE B|S|4010|POR|DESIGNAR
2024-02|hogwarts|GH13489|20|S|Vespertino|40|38|20:15|21:35|lunes|01/08/24|30/12/24|412|HOGWARTS - TORRE B|S|4010|POR|DESIGNAR
2024-02|hogwarts|GH13489|20|S|Vespertino|40|38|21:40|23:00|lunes|01/08/24|30/12/24|412|HOGWARTS - TORRE B|S|4010|POR|DESIGNAR
2024-02|Beauxbaton|GH13489|220|S|Diurno|27|26|14:15|15:35|viernes|01/08/24|31/12/24|402|BEAUXBATON - EDIFICIO B|S|4010|POR|DESIGNAR
2024-02|Beauxbaton|GH13489|220|S|Diurno|27|26|15:45|17:05|viernes|01/08/24|31/12/24|402|BEAUXBATON - EDIFICIO B|S|4010|POR|DESIGNAR
2024-02|Beauxbaton|GH13489|220|S|Diurno|27|26|17:15|18:35|viernes|01/08/24|31/12/24|402|BEAUXBATON - EDIFICIO B|S|4010|POR|DESIGNAR
2024-02|hogwarts|GH13490|10|S|Diurno|56|54|14:15|15:35|martes|01/08/24|30/12/24|305 (H)|HOGWARTS - |S|4010|POR|DESIGNAR
2024-02|hogwarts|GH13490|10|S|Diurno|56|54|15:45|17:05|martes|01/08/24|30/12/24|305 (H)|HOGWARTS - |S|4010|POR|DESIGNAR
2024-02|hogwarts|GH13490|10|S|Diurno|56|54|17:15|18:35|martes|01/08/24|30/12/24|305 (H)|HOGWARTS - |S|4010|POR|DESIGNAR
2024-02|hogwarts|GH13491|10|S|Diurno|53|50|08:15|09:35|martes|01/08/24|30/12/24|AULA D (H)|HOGWARTS - |S|4010|POR|DESIGNAR
2024-02|hogwarts|GH13491|10|S|Diurno|53|50|09:45|11:05|martes|01/08/24|30/12/24|AULA D (H)|HOGWARTS - |S|4010|POR|DESIGNAR
2024-02|hogwarts|GH13491|10|S|Diurno|53|50|11:15|12:35|martes|01/08/24|30/12/24|AULA D (H)|HOGWARTS - |S|4010|POR|DESIGNAR
2024-02|hogwarts|GH13491|20|S|Vespertino|50|49|18:50|20:10|viernes|01/08/24|30/12/24|317|HOGWARTS - TORRE B|S|4010|POR|DESIGNAR
2024-02|hogwarts|GH13491|20|S|Vespertino|50|49|20:15|21:35|viernes|01/08/24|30/12/24|317|HOGWARTS - TORRE B|S|4010|POR|DESIGNAR
2024-02|hogwarts|GH13491|20|S|Vespertino|50|49|21:40|23:00|viernes|01/08/24|30/12/24|317|HOGWARTS - TORRE B|S|4010|POR|DESIGNAR
2024-02|Beauxbaton|GH13491|210|S|Diurno|40|34|08:15|09:35|jueves|01/08/24|30/12/24|204|BEAUXBATON - EDIFICIO A|S|4010|POR|DESIGNAR
2024-02|Beauxbaton|GH13491|210|S|Diurno|40|34|09:45|11:05|jueves|01/08/24|30/12/24|204|BEAUXBATON - EDIFICIO A|S|4010|POR|DESIGNAR
2024-02|Beauxbaton|GH13491|210|S|Diurno|40|34|11:15|12:35|jueves|01/08/24|30/12/24|204|BEAUXBATON - EDIFICIO A|S|4010|POR|DESIGNAR
2024-02|hogwarts|GH13493|40|S|Vespertino|15|4|18:50|20:10|miércoles|01/08/24|30/12/24|202|HOGWARTS - TORRE B|S|4010|POR|DESIGNAR
2024-02|hogwarts|GH13493|40|S|Vespertino|15|4|20:15|21:35|miércoles|01/08/24|30/12/24|202|HOGWARTS - TORRE B|S|4010|POR|DESIGNAR
2024-02|hogwarts|GH13493|40|S|Vespertino|15|4|21:40|23:00|miércoles|01/08/24|30/12/24|202|HOGWARTS - TORRE B|S|4010|POR|DESIGNAR
2024-02|hogwarts|GH13493|10|S|Diurno|20|7|08:15|09:35|martes|01/08/24|30/12/24|405|HOGWARTS - TORRE B|S|4010|POR|DESIGNAR
2024-02|hogwarts|GH13493|10|S|Diurno|20|7|09:45|11:05|martes|01/08/24|30/12/24|405|HOGWARTS - TORRE B|S|4010|POR|DESIGNAR
2024-02|hogwarts|GH13493|10|S|Diurno|20|7|11:15|12:35|martes|01/08/24|30/12/24|405|HOGWARTS - TORRE B|S|4010|POR|DESIGNAR
2024-02|Beauxbaton|GH23494|210|S|Diurno|20|18|09:45|11:05|miércoles|01/08/24|31/12/24|501|BEAUXBATON - EDIFICIO B|S|4010|POR|DESIGNAR
2024-02|Beauxbaton|GH23494|210|S|Diurno|20|18|11:15|12:35|miércoles|01/08/24|31/12/24|501|BEAUXBATON - EDIFICIO B|S|4010|POR|DESIGNAR
2024-02|Beauxbaton|GH23494|210|S|Diurno|20|18|12:45|14:05|miércoles|01/08/24|31/12/24|501|BEAUXBATON - EDIFICIO B|S|4010|POR|DESIGNAR
2024-02|hogwarts|GH23494|40|S|Vespertino|15|13|18:50|20:10|viernes|01/08/24|30/12/24|212|HOGWARTS - TORRE B|S|4010|POR|DESIGNAR
2024-02|hogwarts|GH23494|40|S|Vespertino|15|13|20:15|21:35|viernes|01/08/24|30/12/24|212|HOGWARTS - TORRE B|S|4010|POR|DESIGNAR
2024-02|hogwarts|GH23494|40|S|Vespertino|15|13|21:40|23:00|viernes|01/08/24|30/12/24|212|HOGWARTS - TORRE B|S|4010|POR|DESIGNAR
2024-02|hogwarts|GH23495|30|S|Diurno|20|13|08:15|09:35|martes|01/08/24|30/12/24|208|HOGWARTS - TORRE D|S|4010|POR|DESIGNAR
2024-02|hogwarts|GH23495|30|S|Diurno|20|13|09:45|11:05|martes|01/08/24|30/12/24|208|HOGWARTS - TORRE D|S|4010|POR|DESIGNAR
2024-02|hogwarts|GH23495|30|S|Diurno|20|13|11:15|12:35|martes|01/08/24|30/12/24|208|HOGWARTS - TORRE D|S|4010|POR|DESIGNAR
2024-02|hogwarts|GH23495|20|S|Diurno|20|3|08:15|09:35|martes|01/08/24|30/12/24|206|HOGWARTS - TORRE D|S|4010|POR|DESIGNAR
2024-02|hogwarts|GH23495|20|S|Diurno|20|3|09:45|11:05|martes|01/08/24|30/12/24|206|HOGWARTS - TORRE D|S|4010|POR|DESIGNAR
2024-02|hogwarts|GH23495|20|S|Diurno|20|3|11:15|12:35|martes|01/08/24|30/12/24|206|HOGWARTS - TORRE D|S|4010|POR|DESIGNAR
2024-02|Beauxbaton|GH23495|210|S|Diurno|30|30|14:15|15:35|viernes|01/08/24|30/12/24|205|BEAUXBATON - EDIFICIO A|S|4010|POR|DESIGNAR
2024-02|Beauxbaton|GH23495|210|S|Diurno|30|30|15:45|17:05|viernes|01/08/24|30/12/24|205|BEAUXBATON - EDIFICIO A|S|4010|POR|DESIGNAR
2024-02|Beauxbaton|GH23495|210|S|Diurno|30|30|17:15|18:35|viernes|01/08/24|30/12/24|205|BEAUXBATON - EDIFICIO A|S|4010|POR|DESIGNAR
2024-02|hogwarts|GH23495|60|S|Vespertino|16|7|18:50|20:10|martes|01/08/24|30/12/24|203|HOGWARTS - TORRE B|S|4010|POR|DESIGNAR
2024-02|hogwarts|GH23495|60|S|Vespertino|16|7|20:15|21:35|martes|01/08/24|30/12/24|203|HOGWARTS - TORRE B|S|4010|POR|DESIGNAR
2024-02|hogwarts|GH23495|60|S|Vespertino|16|7|21:40|23:00|martes|01/08/24|30/12/24|203|HOGWARTS - TORRE B|S|4010|POR|DESIGNAR
2024-02|hogwarts|GH23495|50|S|Vespertino|15|5|18:50|20:10|martes|01/08/24|30/12/24|205|HOGWARTS - TORRE B|S|4010|POR|DESIGNAR
2024-02|hogwarts|GH23495|50|S|Vespertino|15|5|20:15|21:35|martes|01/08/24|30/12/24|205|HOGWARTS - TORRE B|S|4010|POR|DESIGNAR
2024-02|hogwarts|GH23495|50|S|Vespertino|15|5|21:40|23:00|martes|01/08/24|30/12/24|205|HOGWARTS - TORRE B|S|4010|POR|DESIGNAR
2024-02|Beauxbaton|GH13509|210|S|Diurno|40|26|08:15|09:35|miércoles|01/08/24|30/12/24|102 (H)|BEAUXBATON - EDIFICIO A|S|4010|POR|DESIGNAR
2024-02|Beauxbaton|GH13509|210|S|Diurno|40|26|09:45|11:05|miércoles|01/08/24|30/12/24|102 (H)|BEAUXBATON - EDIFICIO A|S|4010|POR|DESIGNAR
2024-02|Beauxbaton|GH13509|210|S|Diurno|40|26|11:15|12:35|miércoles|01/08/24|30/12/24|102 (H)|BEAUXBATON - EDIFICIO A|S|4010|POR|DESIGNAR
2024-02|hogwarts|GH13509|60|S|Vespertino|15|10|18:50|20:10|jueves|01/08/24|30/12/24|404|HOGWARTS - TORRE B|S|4010|POR|DESIGNAR
2024-02|hogwarts|GH13509|60|S|Vespertino|15|10|20:15|21:35|jueves|01/08/24|30/12/24|404|HOGWARTS - TORRE B|S|4010|POR|DESIGNAR
2024-02|hogwarts|GH13509|60|S|Vespertino|15|10|21:40|23:00|jueves|01/08/24|30/12/24|404|HOGWARTS - TORRE B|S|4010|POR|DESIGNAR
2024-02|Beauxbaton|GH13509|220|S|Diurno|25|19|14:15|15:35|lunes|01/08/24|30/12/24|404|BEAUXBATON - EDIFICIO B|S|4010|POR|DESIGNAR
2024-02|Beauxbaton|GH13509|220|S|Diurno|25|19|15:45|17:05|lunes|01/08/24|30/12/24|404|BEAUXBATON - EDIFICIO B|S|4010|POR|DESIGNAR
2024-02|Beauxbaton|GH13509|220|S|Diurno|25|19|17:15|18:35|lunes|01/08/24|30/12/24|404|BEAUXBATON - EDIFICIO B|S|4010|POR|DESIGNAR
2024-02|hogwarts|GH13509|20|S|Diurno|20|6|08:15|09:35|miércoles|01/08/24|30/12/24|406|HOGWARTS - TORRE B|S|4010|POR|DESIGNAR
2024-02|hogwarts|GH13509|20|S|Diurno|20|6|09:45|11:05|miércoles|01/08/24|30/12/24|406|HOGWARTS - TORRE B|S|4010|POR|DESIGNAR
2024-02|hogwarts|GH13509|20|S|Diurno|20|6|11:15|12:35|miércoles|01/08/24|30/12/24|406|HOGWARTS - TORRE B|S|4010|POR|DESIGNAR
2024-02|hogwarts|GH13509|10|S|Diurno|20|15|08:15|09:35|miércoles|01/08/24|30/12/24|403|HOGWARTS - TORRE B|S|4010|POR|DESIGNAR
2024-02|hogwarts|GH13509|10|S|Diurno|20|15|09:45|11:05|miércoles|01/08/24|30/12/24|403|HOGWARTS - TORRE B|S|4010|POR|DESIGNAR
2024-02|hogwarts|GH13509|10|S|Diurno|20|15|11:15|12:35|miércoles|01/08/24|30/12/24|403|HOGWARTS - TORRE B|S|4010|POR|DESIGNAR
2024-02|hogwarts|WH23637|130|S|Diurno|46|46|14:15|15:35|jueves|01/08/24|31/12/24|308 (H)|HOGWARTS - |S|9010|POR|DESIGNAR
2024-02|hogwarts|WH23637|130|S|Diurno|46|46|15:45|17:05|jueves|01/08/24|31/12/24|308 (H)|HOGWARTS - |S|9010|POR|DESIGNAR
2024-02|hogwarts|WH23637|10|S|Diurno|51|51|11:15|12:35|martes|01/08/24|30/12/24|201 (EX 22)|HOGWARTS - |S|9010|POR|DESIGNAR
2024-02|hogwarts|WH23637|90|S|Diurno|45|45|09:45|11:05|jueves|01/08/24|30/12/24|213|HOGWARTS - TORRE B|S|9010|POR|DESIGNAR
2024-02|hogwarts|WH23637|90|S|Diurno|45|45|09:45|11:05|martes|01/08/24|30/12/24|318|HOGWARTS - TORRE B|S|9010|POR|DESIGNAR
2024-02|hogwarts|WH23637|10|S|Diurno|51|51|11:15|12:35|lunes|01/08/24|30/12/24|201|HOGWARTS - TORRE D|S|9010|POR|DESIGNAR
2024-02|hogwarts|WH23637|20|S|Diurno|50|50|11:15|12:35|lunes|01/08/24|30/12/24|204|HOGWARTS - TORRE D|S|9010|POR|DESIGNAR
2024-02|hogwarts|WH23637|20|S|Diurno|50|50|11:15|12:35|martes|01/08/24|30/12/24|204|HOGWARTS - TORRE D|S|9010|POR|DESIGNAR
2024-02|hogwarts|WH23637|80|S|Diurno|38|35|08:15|09:35|jueves|01/08/24|30/12/24|309|HOGWARTS - TORRE B|S|9010|POR|DESIGNAR
2024-02|hogwarts|WH23637|80|S|Diurno|38|35|08:15|09:35|viernes|01/08/24|30/12/24|309|HOGWARTS - TORRE B|S|9010|POR|DESIGNAR
2024-02|hogwarts|WH23637|100|S|Diurno|45|35|09:45|11:05|martes|01/08/24|30/12/24|314|HOGWARTS - TORRE B|S|9010|POR|DESIGNAR
2024-02|hogwarts|WH23637|100|S|Diurno|45|35|09:45|11:05|jueves|01/08/24|30/12/24|314|HOGWARTS - TORRE B|S|9010|POR|DESIGNAR
2024-02|hogwarts|WH23637|40|S|Diurno|46|46|11:15|12:35|jueves|01/08/24|30/12/24|301|HOGWARTS - TORRE D|S|9010|POR|DESIGNAR
2024-02|hogwarts|WH23637|40|S|Diurno|46|46|11:15|12:35|viernes|01/08/24|30/12/24|301|HOGWARTS - TORRE D|S|9010|POR|DESIGNAR
2024-02|hogwarts|WH23639|60|S|Vespertino|45|42|11:15|12:35|lunes|01/08/24|30/12/24|308 (H)|HOGWARTS - |S|9010|POR|DESIGNAR
2024-02|hogwarts|WH23639|60|S|Vespertino|45|42|11:15|12:35|miércoles|01/08/24|30/12/24|308 (H)|HOGWARTS - |S|9010|POR|DESIGNAR
2024-02|hogwarts|WH23639|40|S|Diurno|40|30|14:15|15:35|jueves|01/08/24|30/12/24|206|HOGWARTS - TORRE B|S|9010|POR|DESIGNAR
2024-02|hogwarts|WH23639|40|S|Diurno|40|30|15:45|17:05|jueves|01/08/24|30/12/24|206|HOGWARTS - TORRE B|S|9010|POR|DESIGNAR
2024-02|hogwarts|WH23639|90|S|Diurno|23|23|15:45|17:05|jueves|01/08/24|31/12/24|408 (H)|HOGWARTS - TORRE D|S|9010|POR|DESIGNAR
2024-02|hogwarts|WH23639|90|S|Diurno|23|23|14:15|15:35|viernes|01/08/24|31/12/24|408 (H)|HOGWARTS - TORRE D|S|9010|POR|DESIGNAR
2024-02|hogwarts|WH23639|80|S|Diurno|44|44|14:15|15:35|martes|01/08/24|30/12/24|410|HOGWARTS - TORRE B|S|9010|POR|DESIGNAR
2024-02|hogwarts|WH23639|80|S|Diurno|44|44|15:45|17:05|martes|01/08/24|30/12/24|410|HOGWARTS - TORRE B|S|9010|POR|DESIGNAR
2024-02|Beauxbaton|WH23639|230|S|Diurno|37|28|08:15|09:35|lunes|01/08/24|30/12/24|203|BEAUXBATON - EDIFICIO A|S|9010|POR|DESIGNAR
2024-02|Beauxbaton|WH23639|230|S|Diurno|37|28|09:45|11:05|lunes|01/08/24|30/12/24|203|BEAUXBATON - EDIFICIO A|S|9010|POR|DESIGNAR
2024-02|Beauxbaton|WH23639|210|S|Diurno|40|32|17:15|18:35|viernes|01/08/24|30/12/24|512|BEAUXBATON - EDIFICIO B|S|9010|POR|DESIGNAR
2024-02|Beauxbaton|WH23639|210|S|Diurno|40|32|17:15|18:35|martes|01/08/24|30/12/24|413 (H)|BEAUXBATON - EDIFICIO B|S|9010|POR|DESIGNAR
2024-02|hogwarts|GH13880|10|S|Vespertino|35|32|11:15|12:35|sábado|01/08/24|30/12/24|212|HOGWARTS - TORRE B|S|4010|POR|DESIGNAR
2024-02|hogwarts|GH13880|10|S|Vespertino|35|32|12:45|14:05|sábado|01/08/24|30/12/24|212|HOGWARTS - TORRE B|S|4010|POR|DESIGNAR
2024-02|hogwarts|HW13977|20|S|Diurno|42|41|11:15|12:35|viernes|01/08/24|30/12/24|414|HOGWARTS - TORRE B|S|4010|POR|DESIGNAR
2024-02|hogwarts|HW13977|20|S|Diurno|42|41|12:45|14:05|viernes|01/08/24|30/12/24|414|HOGWARTS - TORRE B|S|4010|POR|DESIGNAR
2024-02|hogwarts|HP14091|30|S|Vespertino|36|36|18:50|20:10|lunes|01/08/24|30/12/24|212|HOGWARTS - TORRE B|S|4010|POR|DESIGNAR
2024-02|hogwarts|HP14091|30|S|Vespertino|36|36|20:15|21:35|lunes|01/08/24|30/12/24|212|HOGWARTS - TORRE B|S|4010|POR|DESIGNAR
2024-02|hogwarts|HP14091|10|S|Diurno|47|47|08:15|09:35|viernes|01/08/24|30/12/24|210|HOGWARTS - TORRE D|S|4010|POR|DESIGNAR
2024-02|hogwarts|HP14091|10|S|Diurno|47|47|09:45|11:05|viernes|01/08/24|30/12/24|210|HOGWARTS - TORRE D|S|4010|POR|DESIGNAR
2024-02|hogwarts|GH24440|20|S|Vespertino|30|8|18:50|20:10|miércoles|01/08/24|30/12/24|310|HOGWARTS - TORRE B|S|4010|POR|DESIGNAR
2024-02|hogwarts|GH24440|20|S|Vespertino|30|8|20:15|21:35|miércoles|01/08/24|30/12/24|310|HOGWARTS - TORRE B|S|4010|POR|DESIGNAR
2024-02|hogwarts|GH24440|20|S|Vespertino|30|8|21:40|23:00|miércoles|01/08/24|30/12/24|310|HOGWARTS - TORRE B|S|4010|POR|DESIGNAR
2024-02|Beauxbaton|GH24440|210|S|Diurno|55|40|14:15|15:35|lunes|01/08/24|30/12/24|AUDITORIO 2|BEAUXBATON - EDIFICIO A|S|4010|POR|DESIGNAR
2024-02|Beauxbaton|GH24440|210|S|Diurno|55|40|15:45|17:05|lunes|01/08/24|30/12/24|AUDITORIO 2|BEAUXBATON - EDIFICIO A|S|4010|POR|DESIGNAR
2024-02|Beauxbaton|GH24440|210|S|Diurno|55|40|17:15|18:35|lunes|01/08/24|30/12/24|AUDITORIO 2|BEAUXBATON - EDIFICIO A|S|4010|POR|DESIGNAR
2024-02|hogwarts|GH24441|10|S|Diurno|40|22|14:15|15:35|jueves|01/08/24|30/12/24|AULA F|HOGWARTS - |S|4010|POR|DESIGNAR
2024-02|hogwarts|GH24441|10|S|Diurno|40|22|15:45|17:05|jueves|01/08/24|30/12/24|AULA F|HOGWARTS - |S|4010|POR|DESIGNAR
2024-02|hogwarts|GH24442|20|S|Vespertino|40|18|18:50|20:10|miércoles|01/08/24|30/12/24|213|HOGWARTS - TORRE B|S|4010|POR|DESIGNAR
2024-02|hogwarts|GH24442|20|S|Vespertino|40|18|20:15|21:35|miércoles|01/08/24|30/12/24|213|HOGWARTS - TORRE B|S|4010|POR|DESIGNAR
2024-02|hogwarts|GH14444|40|S|Vespertino|15|6|18:50|20:10|lunes|01/08/24|30/12/24|211|HOGWARTS - TORRE B|S|4010|POR|DESIGNAR
2024-02|hogwarts|GH14444|40|S|Vespertino|15|6|20:15|21:35|lunes|01/08/24|30/12/24|211|HOGWARTS - TORRE B|S|4010|POR|DESIGNAR
2024-02|hogwarts|GH14444|30|S|Vespertino|21|17|18:50|20:10|lunes|01/08/24|30/12/24|413|HOGWARTS - TORRE B|S|4010|POR|DESIGNAR
2024-02|hogwarts|GH14444|30|S|Vespertino|21|17|20:15|21:35|lunes|01/08/24|30/12/24|413|HOGWARTS - TORRE B|S|4010|POR|DESIGNAR
2024-02|Beauxbaton|GH14444|210|S|Diurno|43|42|14:15|15:35|jueves|01/08/24|30/12/24|513 (H)|BEAUXBATON - EDIFICIO B|S|4010|POR|DESIGNAR
2024-02|Beauxbaton|GH14444|210|S|Diurno|43|42|15:45|17:05|jueves|01/08/24|30/12/24|513 (H)|BEAUXBATON - EDIFICIO B|S|4010|POR|DESIGNAR
2024-02|Beauxbaton|GH14444|220|S|Diurno|20|6|11:15|12:35|viernes|01/08/24|30/12/24|202|BEAUXBATON - EDIFICIO A||4010|POR|DESIGNAR
2024-02|Beauxbaton|GH14444|220|S|Diurno|20|6|12:45|14:05|viernes|01/08/24|30/12/24|202|BEAUXBATON - EDIFICIO A||4010|POR|DESIGNAR
2024-02|Beauxbaton|HP14460|210|S|Diurno|35|32|15:45|17:05|miércoles|01/08/24|31/12/24|514|BEAUXBATON - EDIFICIO B|S|4010|POR|DESIGNAR
2024-02|Beauxbaton|HP14460|210|S|Diurno|35|32|17:15|18:35|miércoles|01/08/24|31/12/24|514|BEAUXBATON - EDIFICIO B|S|4010|POR|DESIGNAR
2024-02|hogwarts|PH110059|50|S|Diurno|37|37|14:15|15:35|jueves|01/08/24|31/12/24|210|HOGWARTS - TORRE B|S|8020|POR|DESIGNAR
2024-02|hogwarts|PH110059|20|S|Diurno|41|41|15:45|17:05|lunes|01/08/24|30/12/24|211|HOGWARTS - TORRE B|S|8020|POR|DESIGNAR
2024-02|hogwarts|PH110059|10|S|Diurno|42|42|14:15|15:35|lunes|01/08/24|30/12/24|204|HOGWARTS - TORRE B|S|8020|POR|DESIGNAR
2024-02|hogwarts|PH110086|85|S|Diurno|20|0|14:15|15:35|martes|01/08/24|31/12/24|65|HOGWARTS - TORRE  II|S|8020|POR|DESIGNAR
2024-02|hogwarts|PH110086|5|S|Diurno|11|0|11:15|12:35|jueves|01/08/24|31/12/24|63|HOGWARTS - TORRE  II|S|8020|POR|DESIGNAR
2024-02|hogwarts|PH110086|70|S|Diurno|51|0|11:15|12:35|miércoles|01/08/24|31/12/24||||8020|POR|DESIGNAR
2024-02|hogwarts|PH110086|80|S|Diurno|31|0|14:15|15:35|miércoles|01/08/24|31/12/24||||8020|POR|DESIGNAR
2024-02|hogwarts|WH233404|20|S|Diurno|35|30|14:15|15:35|viernes|01/08/24|30/12/24|412|HOGWARTS - TORRE B|S|6012|POR|DESIGNAR
2024-02|hogwarts|WH233404|20|S|Diurno|35|30|15:45|17:05|viernes|01/08/24|30/12/24|412|HOGWARTS - TORRE B|S|6012|POR|DESIGNAR
2024-02|hogwarts|WH233404|10|S|Diurno|35|35|09:45|11:05|lunes|01/08/24|30/12/24|203|HOGWARTS - TORRE D|S|6012|POR|DESIGNAR
2024-02|hogwarts|WH233404|10|S|Diurno|35|35|11:15|12:35|lunes|01/08/24|30/12/24|203|HOGWARTS - TORRE D|S|6012|POR|DESIGNAR
2024-02|Beauxbaton|WH233404|210|S|Diurno|35|29|08:15|09:35|lunes|01/08/24|30/12/24|507 (H)|BEAUXBATON - EDIFICIO B|S|6012|POR|DESIGNAR
2024-02|Beauxbaton|WH233404|210|S|Diurno|35|29|09:45|11:05|lunes|01/08/24|30/12/24|507 (H)|BEAUXBATON - EDIFICIO B|S|6012|POR|DESIGNAR
2024-02|Beauxbaton|WH233405|210|S|Diurno|30|25|08:15|09:35|martes|01/08/24|30/12/24|408 (H)|BEAUXBATON - EDIFICIO B|S|6012|POR|DESIGNAR
2024-02|Beauxbaton|WH233405|210|S|Diurno|30|25|09:45|11:05|martes|01/08/24|30/12/24|408 (H)|BEAUXBATON - EDIFICIO B|S|6012|POR|DESIGNAR
2024-02|hogwarts|WH233405|10|S|Diurno|35|34|09:45|11:05|jueves|01/08/24|30/12/24|209 (H)|HOGWARTS - TORRE B|S|6012|POR|DESIGNAR
2024-02|hogwarts|WH233405|10|S|Diurno|35|34|11:15|12:35|jueves|01/08/24|30/12/24|209 (H)|HOGWARTS - TORRE B|S|6012|POR|DESIGNAR
2024-02|hogwarts|WH233410|40|S|Diurno|37|35|12:45|14:05|jueves|01/08/24|30/12/24|316|HOGWARTS - TORRE B|S|9010|POR|DESIGNAR
2024-02|hogwarts|WH233410|40|S|Diurno|37|35|12:45|14:05|viernes|01/08/24|30/12/24|316|HOGWARTS - TORRE B|S|9010|POR|DESIGNAR
2024-02|hogwarts|WH233410|50|S|Diurno|45|29|14:15|15:35|lunes|01/08/24|30/12/24|415|HOGWARTS - TORRE B|S|9010|POR|DESIGNAR
2024-02|hogwarts|WH233410|50|S|Diurno|45|29|15:45|17:05|lunes|01/08/24|30/12/24|415|HOGWARTS - TORRE B|S|9010|POR|DESIGNAR
2024-02|hogwarts|WH233410|10|S|Diurno|42|42|12:45|14:05|lunes|01/08/24|30/12/24|204|HOGWARTS - TORRE D|S|9010|POR|DESIGNAR
2024-02|hogwarts|WH233410|10|S|Diurno|42|42|12:45|14:05|martes|01/08/24|30/12/24|204|HOGWARTS - TORRE D|S|9010|POR|DESIGNAR
2024-02|hogwarts|WH233410|20|S|Diurno|42|42|12:45|14:05|lunes|01/08/24|30/12/24|308 (H)|HOGWARTS - |S|9010|POR|DESIGNAR
2024-02|hogwarts|WH233410|20|S|Diurno|42|42|12:45|14:05|martes|01/08/24|30/12/24|308 (H)|HOGWARTS - |S|9010|POR|DESIGNAR
2024-02|Beauxbaton|WH233410|220|S|Diurno|46|46|11:15|12:35|martes|01/08/24|30/12/24|301|BEAUXBATON - EDIFICIO B|S|9010|POR|DESIGNAR
2024-02|Beauxbaton|WH233410|220|S|Diurno|46|46|12:45|14:05|martes|01/08/24|30/12/24|301|BEAUXBATON - EDIFICIO B|S|9010|POR|DESIGNAR
2024-02|Beauxbaton|WH236002|210|S|Diurno|30|25|11:15|12:35|martes|01/08/24|30/12/24|408 (H)|BEAUXBATON - EDIFICIO B|S|6012|POR|DESIGNAR
2024-02|Beauxbaton|WH236002|210|S|Diurno|30|25|12:45|14:05|martes|01/08/24|30/12/24|408 (H)|BEAUXBATON - EDIFICIO B|S|6012|POR|DESIGNAR
2024-02|Beauxbaton|WH236003|230|S|Diurno|10|10|08:15|09:35|jueves|01/08/24|30/12/24|410|BEAUXBATON - EDIFICIO B|S|6012|POR|DESIGNAR
2024-02|Beauxbaton|WH236003|230|S|Diurno|10|10|09:45|11:05|jueves|01/08/24|30/12/24|410|BEAUXBATON - EDIFICIO B|S|6012|POR|DESIGNAR
2024-02|hogwarts|WH236003|20|S|Diurno|14|9|15:45|17:05|miércoles|01/08/24|30/12/24|201|HOGWARTS - TORRE B|S|6012|POR|DESIGNAR
2024-02|hogwarts|WH236003|20|S|Diurno|14|9|17:15|18:35|miércoles|01/08/24|30/12/24|201|HOGWARTS - TORRE B|S|6012|POR|DESIGNAR
2024-02|hogwarts|WH236003|10|S|Diurno|15|13|14:15|15:35|martes|01/08/24|30/12/24|412|HOGWARTS - TORRE B|S|6012|POR|DESIGNAR
2024-02|hogwarts|WH236003|10|S|Diurno|15|13|15:45|17:05|martes|01/08/24|30/12/24|412|HOGWARTS - TORRE B|S|6012|POR|DESIGNAR
2024-02|hogwarts|WH236003|30|S|Diurno|14|13|14:15|15:35|martes|01/08/24|30/12/24|416|HOGWARTS - TORRE B|S|6012|POR|DESIGNAR
2024-02|hogwarts|WH236003|30|S|Diurno|14|13|15:45|17:05|martes|01/08/24|30/12/24|416|HOGWARTS - TORRE B|S|6012|POR|DESIGNAR
2024-02|Beauxbaton|WH236008|210|S|Diurno|32|26|14:15|15:35|martes|01/08/24|30/12/24|403|BEAUXBATON - EDIFICIO B|S|6012|POR|DESIGNAR
2024-02|Beauxbaton|WH236008|210|S|Diurno|32|26|15:45|17:05|martes|01/08/24|30/12/24|403|BEAUXBATON - EDIFICIO B|S|6012|POR|DESIGNAR
2024-02|hogwarts|WH236008|10|S|Diurno|30|25|14:15|15:35|jueves|01/08/24|30/12/24|317|HOGWARTS - TORRE B|S|6012|POR|DESIGNAR
2024-02|hogwarts|WH236008|10|S|Diurno|30|25|15:45|17:05|jueves|01/08/24|30/12/24|317|HOGWARTS - TORRE B|S|6012|POR|DESIGNAR
2024-02|hogwarts|WH236010|20|S|Diurno|15|8|09:45|11:05|lunes|01/08/24|30/12/24|302|HOGWARTS - TORRE B|S|6012|POR|DESIGNAR
2024-02|hogwarts|WH236010|20|S|Diurno|15|8|11:15|12:35|lunes|01/08/24|30/12/24|302|HOGWARTS - TORRE B|S|6012|POR|DESIGNAR
2024-02|hogwarts|WH236010|40|S|Diurno|15|9|09:45|11:05|lunes|01/08/24|30/12/24|205|HOGWARTS - TORRE B|S|6012|POR|DESIGNAR
2024-02|hogwarts|WH236010|40|S|Diurno|15|9|11:15|12:35|lunes|01/08/24|30/12/24|205|HOGWARTS - TORRE B|S|6012|POR|DESIGNAR
2024-02|hogwarts|WH236010|10|S|Diurno|15|13|09:45|11:05|lunes|01/08/24|30/12/24|304|HOGWARTS - TORRE B|S|6012|POR|DESIGNAR
2024-02|hogwarts|WH236010|10|S|Diurno|15|13|11:15|12:35|lunes|01/08/24|30/12/24|304|HOGWARTS - TORRE B|S|6012|POR|DESIGNAR
2024-02|Beauxbaton|WH236010|210|S|Diurno|10|10|14:15|15:35|miércoles|01/08/24|30/12/24|404|BEAUXBATON - EDIFICIO B|S|6012|POR|DESIGNAR
2024-02|Beauxbaton|WH236010|210|S|Diurno|10|10|15:45|17:05|miércoles|01/08/24|30/12/24|404|BEAUXBATON - EDIFICIO B|S|6012|POR|DESIGNAR
2024-02|Beauxbaton|WH236010|230|S|Diurno|10|8|17:15|18:35|miércoles|01/08/24|31/12/24|404|BEAUXBATON - EDIFICIO B|S|6012|POR|DESIGNAR
2024-02|Beauxbaton|WH236010|230|S|Diurno|10|8|18:50|20:10|miércoles|01/08/24|31/12/24|404|BEAUXBATON - EDIFICIO B|S|6012|POR|DESIGNAR
2024-02|Beauxbaton|WH236011|210|S|Diurno|32|26|14:15|15:35|jueves|01/08/24|30/12/24|Lab 1|BEAUXBATON - EDIFICIO A|S|6012|POR|DESIGNAR
2024-02|Beauxbaton|WH236011|210|S|Diurno|32|26|15:45|17:05|jueves|01/08/24|30/12/24|Lab 1|BEAUXBATON - EDIFICIO A|S|6012|POR|DESIGNAR
2024-02|hogwarts|WH236012|20|S|Diurno|30|26|09:45|11:05|viernes|01/08/24|30/12/24|306|HOGWARTS - TORRE D|S|6012|POR|DESIGNAR
2024-02|hogwarts|WH236012|20|S|Diurno|30|26|11:15|12:35|viernes|01/08/24|30/12/24|306|HOGWARTS - TORRE D|S|6012|POR|DESIGNAR
2024-02|Beauxbaton|WH236012|210|S|Diurno|32|25|14:15|15:35|viernes|01/08/24|30/12/24|506|BEAUXBATON - EDIFICIO B|S|6012|POR|DESIGNAR
2024-02|Beauxbaton|WH236012|210|S|Diurno|32|25|15:45|17:05|viernes|01/08/24|30/12/24|506|BEAUXBATON - EDIFICIO B|S|6012|POR|DESIGNAR
2024-02|hogwarts|WH236019|10|S|Diurno|25|9|09:45|11:05|viernes|01/08/24|30/12/24|302|HOGWARTS - |S|6012|POR|DESIGNAR
2024-02|hogwarts|WH236019|10|S|Diurno|25|9|11:15|12:35|viernes|01/08/24|30/12/24|302|HOGWARTS - |S|6012|POR|DESIGNAR
2024-02|Beauxbaton|WH236020|210|S|Diurno|15|13|08:15|09:35|martes|01/08/24|30/12/24|501|BEAUXBATON - EDIFICIO B|S|6012|POR|DESIGNAR
2024-02|Beauxbaton|WH236020|210|S|Diurno|15|13|09:45|11:05|martes|01/08/24|30/12/24|501|BEAUXBATON - EDIFICIO B|S|6012|POR|DESIGNAR
2024-02|Beauxbaton|WH236024|210|S|Diurno|15|13|11:15|12:35|martes|01/08/24|30/12/24|405|BEAUXBATON - EDIFICIO B|S|6012|POR|DESIGNAR
2024-02|Beauxbaton|WH236024|210|S|Diurno|15|13|12:45|14:05|martes|01/08/24|30/12/24|405|BEAUXBATON - EDIFICIO B|S|6012|POR|DESIGNAR
2024-02|hogwarts|WH236024|10|S|Diurno|25|9|09:45|11:05|jueves|01/08/24|30/12/24|404|HOGWARTS - TORRE B|S|6012|POR|DESIGNAR
2024-02|hogwarts|WH236024|10|S|Diurno|25|9|11:15|12:35|jueves|01/08/24|30/12/24|404|HOGWARTS - TORRE B|S|6012|POR|DESIGNAR
2024-02|Beauxbaton|WH236030|210|S|Diurno|17|14|08:15|09:35|martes|01/08/24|30/12/24|402|BEAUXBATON - EDIFICIO B|S|6012|POR|DESIGNAR
2024-02|Beauxbaton|WH236030|210|S|Diurno|17|14|09:45|11:05|martes|01/08/24|30/12/24|402|BEAUXBATON - EDIFICIO B|S|6012|POR|DESIGNAR
2024-02|hogwarts|WH236030|10|S|Diurno|25|23|09:45|11:05|lunes|01/08/24|30/12/24|208|HOGWARTS - TORRE D|S|6012|POR|DESIGNAR
2024-02|hogwarts|WH236030|10|S|Diurno|25|23|11:15|12:35|lunes|01/08/24|30/12/24|208|HOGWARTS - TORRE D|S|6012|POR|DESIGNAR
2024-02|Beauxbaton|WH236031|210|S|Diurno|8|6|11:15|12:35|jueves|01/08/24|30/12/24|402|BEAUXBATON - EDIFICIO B|S|6012|POR|DESIGNAR
2024-02|Beauxbaton|WH236031|210|S|Diurno|8|6|12:45|14:05|jueves|01/08/24|30/12/24|402|BEAUXBATON - EDIFICIO B|S|6012|POR|DESIGNAR
2024-02|hogwarts|WH236032|10|S|Diurno|25|20|09:45|11:05|martes|01/08/24|30/12/24|303|HOGWARTS - TORRE D|S|6012|POR|DESIGNAR
2024-02|hogwarts|WH236032|10|S|Diurno|25|20|11:15|12:35|martes|01/08/24|30/12/24|303|HOGWARTS - TORRE D|S|6012|POR|DESIGNAR
2024-02|Beauxbaton|WH236033|210|S|Diurno|17|16|08:15|09:35|miércoles|01/08/24|30/12/24|407|BEAUXBATON - EDIFICIO B|S|6012|POR|DESIGNAR
2024-02|Beauxbaton|WH236033|210|S|Diurno|17|16|09:45|11:05|miércoles|01/08/24|30/12/24|407|BEAUXBATON - EDIFICIO B|S|6012|POR|DESIGNAR
2024-02|hogwarts|WH236033|10|S|Diurno|25|20|14:15|15:35|jueves|01/08/24|30/12/24|404|HOGWARTS - TORRE B|S|6012|POR|DESIGNAR
2024-02|hogwarts|WH236033|10|S|Diurno|25|20|15:45|17:05|jueves|01/08/24|30/12/24|404|HOGWARTS - TORRE B|S|6012|POR|DESIGNAR
2024-02|Beauxbaton|WH236036|220|S|Diurno|8|8|14:15|15:35|martes|01/08/24|30/12/24|506|BEAUXBATON - EDIFICIO B|S|6012|POR|DESIGNAR
2024-02|Beauxbaton|WH236036|220|S|Diurno|8|8|15:45|17:05|martes|01/08/24|30/12/24|506|BEAUXBATON - EDIFICIO B|S|6012|POR|DESIGNAR
2024-02|hogwarts|WH236036|50|S|Diurno|10|3|09:45|11:05|miércoles|01/08/24|30/12/24|202|HOGWARTS - TORRE B|S|6012|POR|DESIGNAR
2024-02|hogwarts|WH236036|50|S|Diurno|10|3|11:15|12:35|miércoles|01/08/24|30/12/24|202|HOGWARTS - TORRE B|S|6012|POR|DESIGNAR
2024-02|Beauxbaton|WH236036|210|S|Diurno|8|7|14:15|15:35|jueves|01/08/24|30/12/24|NO NECESITA SALA|BEAUXBATON - EDIFICIO A|S|6012|POR|DESIGNAR
2024-02|Beauxbaton|WH236036|210|S|Diurno|8|7|15:45|17:05|jueves|01/08/24|30/12/24|NO NECESITA SALA|BEAUXBATON - EDIFICIO A|S|6012|POR|DESIGNAR
2024-02|hogwarts|WH236037|20|S|Diurno|10|3|14:15|15:35|martes|01/08/24|30/12/24|204|HOGWARTS - TORRE B|S|6012|POR|DESIGNAR
2024-02|hogwarts|WH236037|20|S|Diurno|10|3|15:45|17:05|martes|01/08/24|30/12/24|204|HOGWARTS - TORRE B|S|6012|POR|DESIGNAR
2024-02|Beauxbaton|WH236037|210|S|Diurno|8|8|14:15|15:35|lunes|01/08/24|30/12/24|NO NECESITA SALA|BEAUXBATON - EDIFICIO A|S|6012|POR|DESIGNAR
2024-02|Beauxbaton|WH236037|210|S|Diurno|8|8|15:45|17:05|lunes|01/08/24|30/12/24|NO NECESITA SALA|BEAUXBATON - EDIFICIO A|S|6012|POR|DESIGNAR
2024-02|Beauxbaton|WH236037|220|S|Diurno|8|5|14:15|15:35|viernes|01/08/24|30/12/24|NO NECESITA SALA|BEAUXBATON - EDIFICIO A|S|6012|POR|DESIGNAR
2024-02|Beauxbaton|WH236037|220|S|Diurno|8|5|15:45|17:05|viernes|01/08/24|30/12/24|NO NECESITA SALA|BEAUXBATON - EDIFICIO A|S|6012|POR|DESIGNAR
